{
  "intents": [
    {
      "triggerQueries": [
        "オセロ",
        "プレイ",
        "オセロしよう"
      ],
      "dialogId": "new_topic_0e81e105bdcb48719fa0fd15d78727e4",
      "isTriggeringEnabled": true,
      "id": "new_topic_0e81e105bdcb48719fa0fd15d78727e4",
      "displayName": "オセロループ１",
      "description": "",
      "createdTime": "2022-01-20T00:04:29.453852Z",
      "updatedTime": "2022-03-02T12:28:43.6058715Z",
      "createdUserId": "da46df74-8329-4857-9caf-b5f9bcb15f69",
      "updatedUserId": "da46df74-8329-4857-9caf-b5f9bcb15f69"
    }
  ],
  "dialogs": [
    {
      "rootNodeId": "5e8b5f17-5c13-4870-92e3-38dd9d80413c",
      "actionNodes": [
        {
          "contextVariableId": "a7e910d6-990f-4eb9-9cff-7aaab895a7ec",
          "nodeType": "ActionNode",
          "outputExpressionVariableIds": [
            "394308f9-832f-43c8-b112-334710281119"
          ],
          "id": "5e8b5f17-5c13-4870-92e3-38dd9d80413c",
          "defaultTargetNodeId": "d11727fc-a14d-4988-a8d0-e88f2eacd1d6"
        }
      ],
      "dialogChangeNodes": [
        {
          "targetDialogId": "new_topic_c453557ddb4541f29e266e480c99025a",
          "nodeType": "DialogChangeNode",
          "inputParameterVariableIdMap": {
            "1cde2cd2-cb9a-4ccf-b633-83dce2299dd8": "{394308f9-832f-43c8-b112-334710281119}"
          },
          "outputExpressionVariableIds": [
            "a5c0ef60-a73b-4bdb-bd48-8d7963b2f48f"
          ],
          "id": "d11727fc-a14d-4988-a8d0-e88f2eacd1d6"
        }
      ],
      "id": "new_topic_0e81e105bdcb48719fa0fd15d78727e4",
      "displayName": "Dialog for オセロループ",
      "createdTime": "2022-01-20T00:04:29.453852Z",
      "updatedTime": "2022-03-02T12:28:43.6058715Z",
      "createdUserId": "da46df74-8329-4857-9caf-b5f9bcb15f69",
      "updatedUserId": "da46df74-8329-4857-9caf-b5f9bcb15f69"
    }
  ],
  "actionDefinitions": [
    {
      "timeoutInSeconds": 60,
      "retryCount": 1,
      "method": 2,
      "headers": {
        "accept": "application/json"
      },
      "bodyContent": "",
      "actionType": "Flow",
      "flowMetadata": {
        "id": "515d1c4f-ad76-ec11-8d21-002248623f65",
        "uniqueId": "c0db38b8-04ce-4ea9-9232-ae501b391286",
        "title": "オセロ_初期碁盤作成",
        "description": "Power Virtual Agents からこのフローを呼び出します。",
        "httpMethod": 2,
        "outputParameters": [
          {
            "name": "initial_board",
            "id": "initial_board",
            "type": "String",
            "optional": true
          }
        ],
        "outputSchemaType": "Json",
        "createdTime": "2022-01-16T09:18:48Z",
        "isEnabled": true,
        "lastModifiedTime": "2022-01-19T23:33:56Z",
        "versionNumber": 405806
      },
      "id": "116297d0-e6cb-4682-bf69-fe981c951f19",
      "displayName": "オセロ_初期碁盤作成",
      "description": "Power Virtual Agents からこのフローを呼び出します。",
      "createdTime": "2022-01-20T00:05:03.542Z",
      "updatedTime": "2022-01-20T00:05:03.542Z"
    }
  ],
  "contextVariables": [
    {
      "customTypeId": "4239c327-f422-46fd-9501-c28149934925",
      "initializerType": "Action",
      "scope": "Dialog",
      "greedySlotFillingEnabled": false,
      "isInput": false,
      "externalInitializationAllowed": false,
      "actionId": "116297d0-e6cb-4682-bf69-fe981c951f19",
      "isGlobal": false,
      "id": "a7e910d6-990f-4eb9-9cff-7aaab895a7ec",
      "displayName": "",
      "createdTime": "2022-01-20T00:05:03.554Z",
      "updatedTime": "2022-03-02T12:28:43.6058715Z",
      "createdUserId": "user-0",
      "updatedUserId": "da46df74-8329-4857-9caf-b5f9bcb15f69"
    },
    {
      "systemType": "String",
      "initializerType": "Expression",
      "scope": "Dialog",
      "greedySlotFillingEnabled": false,
      "isInput": false,
      "externalInitializationAllowed": false,
      "expression": "@parameters('a7e910d6-990f-4eb9-9cff-7aaab895a7ec')['initial_board']",
      "isGlobal": false,
      "id": "394308f9-832f-43c8-b112-334710281119",
      "displayName": "initial_board",
      "createdTime": "2022-01-20T00:05:03.554Z",
      "updatedTime": "2022-03-02T12:28:43.6058715Z",
      "createdUserId": "user-0",
      "updatedUserId": "da46df74-8329-4857-9caf-b5f9bcb15f69"
    },
    {
      "systemType": "String",
      "initializerType": "Expression",
      "scope": "Dialog",
      "greedySlotFillingEnabled": false,
      "isInput": false,
      "externalInitializationAllowed": false,
      "expression": "{8e48c1ea-6741-42bb-a363-e90cb5555768}",
      "isGlobal": false,
      "id": "a5c0ef60-a73b-4bdb-bd48-8d7963b2f48f",
      "displayName": "OutboardA",
      "createdTime": "2022-01-20T03:12:24.447Z",
      "updatedTime": "2022-03-02T12:28:43.6058715Z",
      "createdUserId": "user-0",
      "updatedUserId": "da46df74-8329-4857-9caf-b5f9bcb15f69"
    }
  ],
  "jsonTypes": [
    {
      "customTypeSchema": "Json",
      "id": "4239c327-f422-46fd-9501-c28149934925",
      "displayName": "Response Json Type for Flow - オセロ_初期碁盤作成",
      "createdTime": "2022-01-20T00:05:03.554Z",
      "updatedTime": "2022-01-20T00:05:03.554Z"
    }
  ]
}