<ImportExportXml xmlns:xsi="http://www.w3.org/2001/XMLSchema-instance">
  <Entities></Entities>
  <Roles></Roles>
  <Workflows>
    <Workflow WorkflowId="{c8ac2b4d-c47a-ec11-8d21-002248623f65}" Name="神経衰弱初期カード作成" Description="Power Virtual Agents からこのフローを呼び出します。">
      <JsonFileName>/Workflows/-C8AC2B4D-C47A-EC11-8D21-002248623F65.json</JsonFileName>
      <Type>1</Type>
      <Subprocess>0</Subprocess>
      <Category>5</Category>
      <Mode>0</Mode>
      <Scope>4</Scope>
      <OnDemand>0</OnDemand>
      <TriggerOnCreate>0</TriggerOnCreate>
      <TriggerOnDelete>0</TriggerOnDelete>
      <AsyncAutodelete>0</AsyncAutodelete>
      <SyncWorkflowLogOnFailure>0</SyncWorkflowLogOnFailure>
      <StateCode>1</StateCode>
      <StatusCode>2</StatusCode>
      <RunAs>1</RunAs>
      <IsTransacted>1</IsTransacted>
      <IntroducedVersion>1.0.0.0</IntroducedVersion>
      <IsCustomizable>1</IsCustomizable>
      <BusinessProcessType>0</BusinessProcessType>
      <PrimaryEntity>none</PrimaryEntity>
      <LocalizedNames>
        <LocalizedName languagecode="1033" description="神経衰弱初期カード作成" />
        <LocalizedName languagecode="1041" description="神経衰弱初期カード作成" />
      </LocalizedNames>
      <Descriptions>
        <Description languagecode="1033" description="Power Virtual Agents からこのフローを呼び出します。" />
        <Description languagecode="1041" description="Power Virtual Agents からこのフローを呼び出します。" />
      </Descriptions>
    </Workflow>
    <Workflow WorkflowId="{87b44827-c87a-ec11-8d21-002248623f65}" Name="神経衰弱１" Description="Power Virtual Agents からこのフローを呼び出します。">
      <JsonFileName>/Workflows/-87B44827-C87A-EC11-8D21-002248623F65.json</JsonFileName>
      <Type>1</Type>
      <Subprocess>0</Subprocess>
      <Category>5</Category>
      <Mode>0</Mode>
      <Scope>4</Scope>
      <OnDemand>0</OnDemand>
      <TriggerOnCreate>0</TriggerOnCreate>
      <TriggerOnDelete>0</TriggerOnDelete>
      <AsyncAutodelete>0</AsyncAutodelete>
      <SyncWorkflowLogOnFailure>0</SyncWorkflowLogOnFailure>
      <StateCode>1</StateCode>
      <StatusCode>2</StatusCode>
      <RunAs>1</RunAs>
      <IsTransacted>1</IsTransacted>
      <IntroducedVersion>1.0.0.0</IntroducedVersion>
      <IsCustomizable>1</IsCustomizable>
      <BusinessProcessType>0</BusinessProcessType>
      <PrimaryEntity>none</PrimaryEntity>
      <LocalizedNames>
        <LocalizedName languagecode="1033" description="神経衰弱１" />
        <LocalizedName languagecode="1041" description="神経衰弱１" />
      </LocalizedNames>
      <Descriptions>
        <Description languagecode="1033" description="Power Virtual Agents からこのフローを呼び出します。" />
        <Description languagecode="1041" description="Power Virtual Agents からこのフローを呼び出します。" />
      </Descriptions>
    </Workflow>
  </Workflows>
  <FieldSecurityProfiles></FieldSecurityProfiles>
  <Templates />
  <EntityMaps />
  <EntityRelationships />
  <OrganizationSettings />
  <optionsets />
  <CustomControls />
  <EntityDataProviders />
  <Languages>
    <Language>1033</Language>
    <Language>1041</Language>
  </Languages>
</ImportExportXml>