<bot_botcomponentset>
  <bot_botcomponent botcomponentid.schemaname="new_customtype_f7eb90581e92479f9b0d521dd65e3cfe_92610204747047ac8f788f7eecd91118" botid.schemaname="new_bot_f7eb90581e92479f9b0d521dd65e3cfe">
    <iscustomizable>1</iscustomizable>
  </bot_botcomponent>
  <bot_botcomponent botcomponentid.schemaname="new_customtype_f7eb90581e92479f9b0d521dd65e3cfe_f86fcadfd497444e91ed11c12b059d10" botid.schemaname="new_bot_f7eb90581e92479f9b0d521dd65e3cfe">
    <iscustomizable>1</iscustomizable>
  </bot_botcomponent>
  <bot_botcomponent botcomponentid.schemaname="new_topic_0e81e105bdcb48719fa0fd15d78727e4" botid.schemaname="new_bot_f7eb90581e92479f9b0d521dd65e3cfe">
    <iscustomizable>1</iscustomizable>
  </bot_botcomponent>
  <bot_botcomponent botcomponentid.schemaname="new_topic_c453557ddb4541f29e266e480c99025a.dialog.schema" botid.schemaname="new_bot_f7eb90581e92479f9b0d521dd65e3cfe">
    <iscustomizable>1</iscustomizable>
  </bot_botcomponent>
  <bot_botcomponent botcomponentid.schemaname="new_topic_c453557ddb4541f29e266e480c99025a" botid.schemaname="new_bot_f7eb90581e92479f9b0d521dd65e3cfe">
    <iscustomizable>1</iscustomizable>
  </bot_botcomponent>
  <bot_botcomponent botcomponentid.schemaname="new_topic_f6a3ba50e46a478881d9c6f07752a461.dialog.schema" botid.schemaname="new_bot_f7eb90581e92479f9b0d521dd65e3cfe">
    <iscustomizable>1</iscustomizable>
  </bot_botcomponent>
  <bot_botcomponent botcomponentid.schemaname="new_topic_f6a3ba50e46a478881d9c6f07752a461" botid.schemaname="new_bot_f7eb90581e92479f9b0d521dd65e3cfe">
    <iscustomizable>1</iscustomizable>
  </bot_botcomponent>
  <bot_botcomponent botcomponentid.schemaname="new_topic_f7eb90581e92479f9b0d521dd65e3cfe_3d2584ec30914684839527e05e7be172_thankyou" botid.schemaname="new_bot_f7eb90581e92479f9b0d521dd65e3cfe">
    <iscustomizable>1</iscustomizable>
  </bot_botcomponent>
  <bot_botcomponent botcomponentid.schemaname="new_topic_f7eb90581e92479f9b0d521dd65e3cfe_8a4964498f83424bb3a86295bf7d0952_startover" botid.schemaname="new_bot_f7eb90581e92479f9b0d521dd65e3cfe">
    <iscustomizable>1</iscustomizable>
  </bot_botcomponent>
  <bot_botcomponent botcomponentid.schemaname="new_topic_f7eb90581e92479f9b0d521dd65e3cfe_954135cafcd647eaae5999ad91fc08cf_talktoagent" botid.schemaname="new_bot_f7eb90581e92479f9b0d521dd65e3cfe">
    <iscustomizable>1</iscustomizable>
  </bot_botcomponent>
  <bot_botcomponent botcomponentid.schemaname="new_topic_f7eb90581e92479f9b0d521dd65e3cfe_aeabea4d071f415c8c107e1cb7af5424_assumedsuccess" botid.schemaname="new_bot_f7eb90581e92479f9b0d521dd65e3cfe">
    <iscustomizable>1</iscustomizable>
  </bot_botcomponent>
  <bot_botcomponent botcomponentid.schemaname="new_topic_f7eb90581e92479f9b0d521dd65e3cfe_ba7b967c97ba4c39bca58a8bb6a72d59_conversationstart" botid.schemaname="new_bot_f7eb90581e92479f9b0d521dd65e3cfe">
    <iscustomizable>1</iscustomizable>
  </bot_botcomponent>
  <bot_botcomponent botcomponentid.schemaname="new_topic_f7eb90581e92479f9b0d521dd65e3cfe_d2198a5ee41a48a5bf70ab8970145a9f_confirmedfailure" botid.schemaname="new_bot_f7eb90581e92479f9b0d521dd65e3cfe">
    <iscustomizable>1</iscustomizable>
  </bot_botcomponent>
  <bot_botcomponent botcomponentid.schemaname="new_topic_f7eb90581e92479f9b0d521dd65e3cfe_db1f76b081dc43389df9dd2df7518737_confirmedsuccess" botid.schemaname="new_bot_f7eb90581e92479f9b0d521dd65e3cfe">
    <iscustomizable>1</iscustomizable>
  </bot_botcomponent>
  <bot_botcomponent botcomponentid.schemaname="new_topic_f7eb90581e92479f9b0d521dd65e3cfe_f56d1a3e522740c78f9fac0939332dbd_goodbye" botid.schemaname="new_bot_f7eb90581e92479f9b0d521dd65e3cfe">
    <iscustomizable>1</iscustomizable>
  </bot_botcomponent>
</bot_botcomponentset>