<botcomponent_workflowset>
  <botcomponent_workflow botcomponentid.schemaname="new_topic_0e81e105bdcb48719fa0fd15d78727e4" workflowid.workflowid="515d1c4f-ad76-ec11-8d21-002248623f65">
    <iscustomizable>1</iscustomizable>
  </botcomponent_workflow>
  <botcomponent_workflow botcomponentid.schemaname="new_topic_c453557ddb4541f29e266e480c99025a" workflowid.workflowid="60bd30ab-a775-ec11-8943-000d3a40f8c9">
    <iscustomizable>1</iscustomizable>
  </botcomponent_workflow>
  <botcomponent_workflow botcomponentid.schemaname="new_topic_f6a3ba50e46a478881d9c6f07752a461" workflowid.workflowid="60bd30ab-a775-ec11-8943-000d3a40f8c9">
    <iscustomizable>1</iscustomizable>
  </botcomponent_workflow>
</botcomponent_workflowset>