{"properties":{"connectionReferences":{},"definition":{"$schema":"https://schema.management.azure.com/providers/Microsoft.Logic/schemas/2016-06-01/workflowdefinition.json#","contentVersion":"1.0.0.0","parameters":{"$authentication":{"defaultValue":{},"type":"SecureObject"}},"triggers":{"manual":{"metadata":{"operationMetadataId":"5aa6c26d-a76c-467e-97fe-fe727b55f76a"},"type":"Request","kind":"VirtualAgent","inputs":{"schema":{"type":"object","properties":{"text":{"title":"handcard","type":"string","x-ms-dynamically-added":true,"description":"入力を指定してください","x-ms-content-hint":"TEXT"},"text_1":{"title":"Numarray","type":"string","x-ms-dynamically-added":true,"description":"入力を指定してください","x-ms-content-hint":"TEXT"},"text_2":{"title":"Trump","type":"string","x-ms-dynamically-added":true,"description":"入力を指定してください","x-ms-content-hint":"TEXT"},"text_3":{"title":"SaveFirstCard","type":"string","x-ms-dynamically-added":true,"description":"入力を指定してください","x-ms-content-hint":"TEXT"},"text_4":{"title":"InitialTrump","type":"string","x-ms-dynamically-added":true,"description":"入力を指定してください","x-ms-content-hint":"TEXT"}},"required":["text","text_1","text_2","text_3","text_4"]}}}},"actions":{"Return_value(s)_to_Power_Virtual_Agents":{"runAfter":{"2枚目かの判断":["Succeeded"]},"metadata":{"operationMetadataId":"c448c689-fd71-4190-addb-219969281850"},"type":"Response","kind":"VirtualAgent","inputs":{"statusCode":200,"body":{"outputtrump1":"@{outputs('特殊文字を変換_56')}","outputhit":"@variables('HitorLose')","outputtrumpresult":"@variables('TrumpResult')","savefirstcard":"@{outputs('mod_RandNumofHandto13')}"},"schema":{"type":"object","properties":{"outputtrump1":{"title":"OutputTrump1","x-ms-dynamically-added":true,"type":"string"},"outputhit":{"title":"OutputHit","x-ms-dynamically-added":true,"type":"string"},"outputtrumpresult":{"title":"OutputTrumpResult","x-ms-dynamically-added":true,"type":"string"},"savefirstcard":{"title":"SaveFirstCard","x-ms-dynamically-added":true,"type":"string"}}}}},"1to52Randarray_text":{"runAfter":{"Card":["Succeeded"]},"metadata":{"operationMetadataId":"ae3f106b-fbcb-4ddc-884f-07d9dd20878e"},"type":"Compose","inputs":"@split(triggerBody()['text_1'],',')"},"Card":{"runAfter":{"特殊文字を変換する":["Succeeded"]},"metadata":{"operationMetadataId":"553e13cd-a7d0-477d-8853-5d6e0a42a9fe"},"type":"Compose","inputs":"@outputs('特殊文字を変換_14')"},"Card_2darray":{"runAfter":{"めくったカードの数字を取得":["Succeeded"]},"metadata":{"operationMetadataId":"c7507752-7961-45e0-838a-babcd9d26b35"},"type":"Select","inputs":{"from":"@range(0,length(outputs('Card')))","select":{"index":"@item()","value":"@substring(outputs('Card'), item(), 1)"}}},"Card_Hand_margearray":{"runAfter":{"Card_2darray":["Succeeded"]},"metadata":{"operationMetadataId":"ef4c41a2-a675-4a43-9e67-67d6d271cfc1"},"type":"Select","inputs":{"from":"@body('Card_2darray')","select":"@if(equals(outputs('Firsthandint_onCard'), item()?['index']), variables('turnCard'), item()?['value'])"}},"めくったカードの数字を取得":{"actions":{"Firsthandint_onRandarray":{"runAfter":{},"metadata":{"operationMetadataId":"897500d6-2e9a-403d-a70f-ba4613d7ddd6"},"type":"Compose","inputs":"@sub(add(outputs('FirsthandX'), mul(sub(outputs('FirsthandY'),1), 9)),1)","description":"X+(Y-1)×9-1"},"RandNumofHand":{"runAfter":{"Firsthandint_onRandarray":["Succeeded"]},"metadata":{"operationMetadataId":"a24e1eb8-ad4f-4896-b280-ce82cd62359b"},"type":"Compose","inputs":"@outputs('1to52Randarray_text')?[outputs('Firsthandint_onRandarray')]"},"mod_RandNumofHandto13":{"runAfter":{"RandNumofHand":["Succeeded"]},"metadata":{"operationMetadataId":"9c3b3bde-f265-4848-96c7-6f381e67296b"},"type":"Compose","inputs":"@mod(int(outputs('RandNumofHand')),13)"},"Mapping_1to13":{"runAfter":{"mod_RandNumofHandto13":["Succeeded"]},"metadata":{"operationMetadataId":"2ca07319-67a7-4425-b19f-c14a6bfab794"},"type":"Compose","inputs":{"_0":"Ａ","_1":"②","_2":"③","_3":"④","_4":"⑤","_5":"⑥","_6":"⑦","_7":"⑧","_8":"⑨","_9":"⑩","_10":"Ｊ","_11":"Ｑ","_12":"Ｋ"}},"めくったカードの数字をＡ②~⑩ＪＱＫに変換":{"runAfter":{"Mapping_1to13":["Succeeded"]},"metadata":{"operationMetadataId":"a3ed7ae6-2a93-405f-9a24-a3ee7c001356"},"type":"SetVariable","inputs":{"name":"turnCard","value":"@{if(\r\n    equals(outputs('Mapping_1to13')?[concat('_',outputs('mod_RandNumofHandto13'))],null),\r\n    outputs('mod_RandNumofHandto13'),\r\n    outputs('Mapping_1to13')?[concat('_',outputs('mod_RandNumofHandto13'))]\r\n)\r\n}"}}},"runAfter":{"turnCard":["Succeeded"]},"metadata":{"operationMetadataId":"3ef8a4f0-c79b-4f48-bf63-f2ab456d3059"},"type":"Scope"},"手から各配列の添え字を取得":{"actions":{"FirsthandX":{"runAfter":{},"metadata":{"operationMetadataId":"0c05543f-2d78-48c2-b95c-4d189edae881"},"type":"Compose","inputs":"@int(substring(variables('hand'),1,1))"},"FirsthandY":{"runAfter":{"FirsthandX":["Succeeded"]},"metadata":{"operationMetadataId":"960dc1a1-3409-4d9c-b522-9d728b23a165"},"type":"Compose","inputs":"@int(substring(variables('hand'),0,1))"},"Firsthandint_onCard":{"runAfter":{"FirsthandY":["Succeeded"]},"metadata":{"operationMetadataId":"8432cad6-078d-4ac9-a2cb-d42c12cfd1d1"},"type":"Compose","inputs":"@add(add(outputs('FirsthandX'),1),mul(outputs('FirsthandY'),12))","description":"X+1+Y×12"}},"runAfter":{"hand":["Succeeded"]},"metadata":{"operationMetadataId":"ca8913a8-c02e-40b1-a9be-8e665ea3a0c8"},"type":"Scope"},"TurnCardArray":{"runAfter":{"Card_Hand_margearray":["Succeeded"]},"metadata":{"operationMetadataId":"ce72c30d-5fcf-482f-acfa-d1506f92184e"},"type":"Join","inputs":{"from":"@body('Card_Hand_margearray')","joinWith":"@{null}"}},"特殊文字を変換する":{"actions":{"特殊文字を変換":{"runAfter":{},"metadata":{"operationMetadataId":"49b5543d-76d3-4fa8-b976-07eb754bb4c9"},"type":"Compose","inputs":"@replace(triggerBody()['text_2'],' 🔳','▮')"},"特殊文字を変換_2":{"runAfter":{"特殊文字を変換":["Succeeded"]},"metadata":{"operationMetadataId":"030a54e3-fb9f-4400-b18a-c9f79b2cb557"},"type":"Compose","inputs":"@replace(outputs('特殊文字を変換'), ' 🐭', 'Ａ')"},"特殊文字を変換_3":{"runAfter":{"特殊文字を変換_2":["Succeeded"]},"metadata":{"operationMetadataId":"a915fd44-9015-4f48-97bf-67f0e0d549ee"},"type":"Compose","inputs":"@replace(outputs('特殊文字を変換_2'), ' 🐞', '②')"},"特殊文字を変換_4":{"runAfter":{"特殊文字を変換_3":["Succeeded"]},"metadata":{"operationMetadataId":"4496451c-8d86-4a35-9052-33bb7d34b367"},"type":"Compose","inputs":"@replace(outputs('特殊文字を変換_3'), ' 🐯', '③')"},"特殊文字を変換_5":{"runAfter":{"特殊文字を変換_4":["Succeeded"]},"metadata":{"operationMetadataId":"d486cf82-b587-4644-b503-ce23f79e9763"},"type":"Compose","inputs":"@replace(outputs('特殊文字を変換_4'), ' 🐔', '④')"},"特殊文字を変換_6":{"runAfter":{"特殊文字を変換_5":["Succeeded"]},"metadata":{"operationMetadataId":"390c278d-da2a-4456-beb3-97b16b4a9ca5"},"type":"Compose","inputs":"@replace(outputs('特殊文字を変換_5'), ' 🐻', '⑤')"},"特殊文字を変換_7":{"runAfter":{"特殊文字を変換_6":["Succeeded"]},"metadata":{"operationMetadataId":"4a856bf6-84c4-44a7-afc2-199d0b22c6f7"},"type":"Compose","inputs":"@replace(outputs('特殊文字を変換_6'), ' 🐼', '⑥')"},"特殊文字を変換_8":{"runAfter":{"特殊文字を変換_7":["Succeeded"]},"metadata":{"operationMetadataId":"4055fa11-a7f9-42ab-9121-fc970d098c13"},"type":"Compose","inputs":"@replace(outputs('特殊文字を変換_7'), ' 🐟', '⑦')"},"特殊文字を変換_9":{"runAfter":{"特殊文字を変換_8":["Succeeded"]},"metadata":{"operationMetadataId":"743cdebf-94b7-4ac7-a0a9-6c5baef81cb0"},"type":"Compose","inputs":"@replace(outputs('特殊文字を変換_8'), ' 🐨', '⑧')"},"特殊文字を変換_10":{"runAfter":{"特殊文字を変換_9":["Succeeded"]},"metadata":{"operationMetadataId":"563e469d-b889-4e6f-a9ad-2045c3a868b1"},"type":"Compose","inputs":"@replace(outputs('特殊文字を変換_9'), ' 🐶', '⑨')"},"特殊文字を変換_11":{"runAfter":{"特殊文字を変換_10":["Succeeded"]},"metadata":{"operationMetadataId":"ff0dd2c7-287f-4af5-acdb-89449cc9b759"},"type":"Compose","inputs":"@replace(outputs('特殊文字を変換_10'), ' 🐷', '⑩')"},"特殊文字を変換_12":{"runAfter":{"特殊文字を変換_11":["Succeeded"]},"metadata":{"operationMetadataId":"23945ba4-f875-4a7b-b8d0-0a44d7253192"},"type":"Compose","inputs":"@replace(outputs('特殊文字を変換_11'), ' 🐸', 'Ｊ')"},"特殊文字を変換_13":{"runAfter":{"特殊文字を変換_12":["Succeeded"]},"metadata":{"operationMetadataId":"55ae4c01-d348-4b26-850d-a3dee4212ade"},"type":"Compose","inputs":"@replace(outputs('特殊文字を変換_12'), ' 🐹', 'Ｑ')"},"特殊文字を変換_14":{"runAfter":{"特殊文字を変換_57":["Succeeded"]},"metadata":{"operationMetadataId":"5b68d1a6-7f49-4f89-8c71-5da3ebd3238f"},"type":"Compose","inputs":"@replace(outputs('特殊文字を変換_57'), ' 🐛', 'Ｋ')"},"特殊文字を変換_57":{"runAfter":{"特殊文字を変換_13":["Succeeded"]},"metadata":{"operationMetadataId":"5b68d1a6-7f49-4f89-8c71-5da3ebd3238f"},"type":"Compose","inputs":"@replace(outputs('特殊文字を変換_13'), '🔲 ❶ ❷ ❸ ❹ ❺ ❻ ❼ ❽ ❾', '▯１２３４５６７８９')"}},"runAfter":{},"metadata":{"operationMetadataId":"2f9a9376-cf43-4c42-845d-9906130ded6a"},"type":"Scope"},"TrumpResult":{"runAfter":{"特殊文字を変換する_2":["Succeeded"]},"metadata":{"operationMetadataId":"2a1deccd-4697-4cb9-8ea1-1917f146a0f4"},"type":"InitializeVariable","inputs":{"variables":[{"name":"TrumpResult","type":"string"}]}},"HitorLose":{"runAfter":{"TrumpResult":["Succeeded"]},"metadata":{"operationMetadataId":"6cd17c54-6299-41ec-8673-7bc02c0e8f32"},"type":"InitializeVariable","inputs":{"variables":[{"name":"HitorLose","type":"string"}]}},"hand":{"runAfter":{"1to52Randarray_text":["Succeeded"]},"metadata":{"operationMetadataId":"05f2c948-5ac5-48e8-8040-20d1cf774891"},"type":"InitializeVariable","inputs":{"variables":[{"name":"hand","type":"string","value":"@{triggerBody()['text']}"}]}},"2枚目かの判断":{"actions":{"HitかLoseの判定":{"actions":{"変数の設定":{"runAfter":{},"metadata":{"operationMetadataId":"58eabcbd-7547-45ff-b1be-90173d5ac376"},"type":"SetVariable","inputs":{"name":"HitorLose","value":"<img src=\"https://4.bp.blogspot.com/-YMAwo3fMm74/U9y_SU5wwJI/AAAAAAAAjaI/AQ7T3Fe1fCk/s800/kuji_atari.png\" alt=\"tiger\">"}},"変数の設定_3":{"runAfter":{"変数の設定":["Succeeded"]},"metadata":{"operationMetadataId":"28b64b4d-6404-4b55-98da-83aca666f9b3"},"type":"SetVariable","inputs":{"name":"TrumpResult","value":"@{outputs('特殊文字を変換_56')}"}}},"runAfter":{},"else":{"actions":{"変数の設定_2":{"runAfter":{},"metadata":{"operationMetadataId":"8f680e5c-80d6-40d0-9aaa-56b93d351f20"},"type":"SetVariable","inputs":{"name":"HitorLose","value":"<img src=\"https://3.bp.blogspot.com/-tT4w1UcRCT8/U9y_SoN6IxI/AAAAAAAAjaQ/1WRIrXDc0-g/s800/kuji_hazure.png\" alt=\"tiger\">"}},"変数の設定_4":{"runAfter":{"変数の設定_2":["Succeeded"]},"metadata":{"operationMetadataId":"4c4f6d32-2aa7-4d77-b991-1868cd553360"},"type":"SetVariable","inputs":{"name":"TrumpResult","value":"@{triggerBody()['text_4']}"}}}},"expression":{"equals":["@int(triggerBody()['text_3'])","@outputs('mod_RandNumofHandto13')"]},"metadata":{"operationMetadataId":"44decb6f-0f5c-4202-a353-849165ef7044"},"type":"If"}},"runAfter":{"HitorLose":["Succeeded"]},"expression":{"not":{"equals":["@triggerBody()['text_3']","@'null'"]}},"metadata":{"operationMetadataId":"660fbb34-7d46-41cc-aaaf-e27c2140580e"},"type":"If"},"turnCard":{"runAfter":{"手から各配列の添え字を取得":["Succeeded"]},"metadata":{"operationMetadataId":"b88fc980-aa7e-412d-898d-1e334c77c9af"},"type":"InitializeVariable","inputs":{"variables":[{"name":"turnCard","type":"string"}]}},"特殊文字を変換する_2":{"actions":{"特殊文字を変換_43":{"runAfter":{},"metadata":{"operationMetadataId":"1d8dfb44-ebeb-4a0c-b24f-970db77a9deb"},"type":"Compose","inputs":"@replace(body('TurnCardArray'), '▮', ' 🔳')"},"特殊文字を変換_44":{"runAfter":{"特殊文字を変換_43":["Succeeded"]},"metadata":{"operationMetadataId":"8ae4ad8c-b8d6-4aeb-86d4-26a8e3ee9510"},"type":"Compose","inputs":"@replace(outputs('特殊文字を変換_43'), 'Ａ', ' 🐭')"},"特殊文字を変換_45":{"runAfter":{"特殊文字を変換_44":["Succeeded"]},"metadata":{"operationMetadataId":"0c7488d4-a89a-4023-afd1-fb1010068d84"},"type":"Compose","inputs":"@replace(outputs('特殊文字を変換_44'), '②', ' 🐞')"},"特殊文字を変換_46":{"runAfter":{"特殊文字を変換_45":["Succeeded"]},"metadata":{"operationMetadataId":"b31eebb3-5253-4584-a46c-1ce68d7565c6"},"type":"Compose","inputs":"@replace(outputs('特殊文字を変換_45'), '③', ' 🐯')"},"特殊文字を変換_47":{"runAfter":{"特殊文字を変換_46":["Succeeded"]},"metadata":{"operationMetadataId":"ee3798c0-c7f5-4640-bde5-37a419ed20fd"},"type":"Compose","inputs":"@replace(outputs('特殊文字を変換_46'), '④', ' 🐔')"},"特殊文字を変換_48":{"runAfter":{"特殊文字を変換_47":["Succeeded"]},"metadata":{"operationMetadataId":"f1ebb67a-6071-48ab-9509-b2500e842992"},"type":"Compose","inputs":"@replace(outputs('特殊文字を変換_47'), '⑤', ' 🐻')"},"特殊文字を変換_49":{"runAfter":{"特殊文字を変換_48":["Succeeded"]},"metadata":{"operationMetadataId":"895e36a2-ae90-443a-bb58-92e085047fc3"},"type":"Compose","inputs":"@replace(outputs('特殊文字を変換_48'), '⑥', ' 🐼')"},"特殊文字を変換_50":{"runAfter":{"特殊文字を変換_49":["Succeeded"]},"metadata":{"operationMetadataId":"7f15a685-74fd-4a5f-b7d0-e9599e874270"},"type":"Compose","inputs":"@replace(outputs('特殊文字を変換_49'), '⑦', ' 🐟')"},"特殊文字を変換_51":{"runAfter":{"特殊文字を変換_50":["Succeeded"]},"metadata":{"operationMetadataId":"393527d8-a406-42a6-a94b-1eabc65e5aea"},"type":"Compose","inputs":"@replace(outputs('特殊文字を変換_50'), '⑧', ' 🐨')"},"特殊文字を変換_52":{"runAfter":{"特殊文字を変換_51":["Succeeded"]},"metadata":{"operationMetadataId":"64367767-8d67-414f-991d-8219cdca80e3"},"type":"Compose","inputs":"@replace(outputs('特殊文字を変換_51'), '⑨', ' 🐶')"},"特殊文字を変換_53":{"runAfter":{"特殊文字を変換_52":["Succeeded"]},"metadata":{"operationMetadataId":"61f358f7-82c3-41a0-9ed8-aa107d84a507"},"type":"Compose","inputs":"@replace(outputs('特殊文字を変換_52'), '⑩', ' 🐷')"},"特殊文字を変換_54":{"runAfter":{"特殊文字を変換_53":["Succeeded"]},"metadata":{"operationMetadataId":"db44b7cf-2a70-492b-9a99-a6ad0cf06786"},"type":"Compose","inputs":"@replace(outputs('特殊文字を変換_53'), 'Ｊ', ' 🐸')"},"特殊文字を変換_55":{"runAfter":{"特殊文字を変換_54":["Succeeded"]},"metadata":{"operationMetadataId":"9c57b437-df56-476a-ab1a-6525a6b83292"},"type":"Compose","inputs":"@replace(outputs('特殊文字を変換_54'), 'Ｑ', ' 🐹')"},"特殊文字を変換_56":{"runAfter":{"特殊文字を変換_58":["Succeeded"]},"metadata":{"operationMetadataId":"a6870fb0-52db-4ad4-a39d-b04ac963e15b"},"type":"Compose","inputs":"@replace(outputs('特殊文字を変換_58'), 'Ｋ', ' 🐛')"},"特殊文字を変換_58":{"runAfter":{"特殊文字を変換_55":["Succeeded"]},"metadata":{"operationMetadataId":"5b68d1a6-7f49-4f89-8c71-5da3ebd3238f"},"type":"Compose","inputs":"@replace(outputs('特殊文字を変換_55'), '▯１２３４５６７８９', '🔲 ❶ ❷ ❸ ❹ ❺ ❻ ❼ ❽ ❾')"}},"runAfter":{"TurnCardArray":["Succeeded"]},"metadata":{"operationMetadataId":"ab25f9c8-1c51-4735-81b3-9dd0a3af2139"},"type":"Scope"}},"outputs":{}}},"schemaVersion":"1.0.0.0"}