{"properties":{"connectionReferences":{},"definition":{"$schema":"https://schema.management.azure.com/providers/Microsoft.Logic/schemas/2016-06-01/workflowdefinition.json#","contentVersion":"1.0.0.0","parameters":{"$authentication":{"defaultValue":{},"type":"SecureObject"}},"triggers":{"manual":{"metadata":{"operationMetadataId":"8d8a5098-a47c-4c03-adc4-4de28e86e969"},"type":"Request","kind":"VirtualAgent","inputs":{"schema":{"type":"object","properties":{},"required":[]}}}},"actions":{"Return_value(s)_to_Power_Virtual_Agents":{"runAfter":{"DefaultTramp_3":["Succeeded"]},"metadata":{"operationMetadataId":"d2f45fee-747d-412b-9a2c-51aa00dce52b"},"type":"Response","kind":"VirtualAgent","inputs":{"statusCode":200,"body":{"outputrandnum":"@body('1to52Randtext')","outputtramp":"@{outputs('DefaultTramp_3')}"},"schema":{"type":"object","properties":{"outputrandnum":{"title":"OutputRandNum","x-ms-dynamically-added":true,"type":"string"},"outputtramp":{"title":"OutputTramp","x-ms-dynamically-added":true,"type":"string"}}}}},"1to52array":{"runAfter":{},"metadata":{"operationMetadataId":"6237b238-f330-42f3-aeee-96f9956a08ce"},"type":"Compose","inputs":"@range(1,54)"},"52000array":{"runAfter":{"1to52array":["Succeeded"]},"metadata":{"operationMetadataId":"d4eb4d04-31b5-41a2-979c-5f7d349606b2"},"type":"Select","inputs":{"from":"@range(0, mul(length(outputs('1to52array')), 1000))","select":"@int(string(rand(1,add(length(outputs('1to52array')),1))))"}},"1to52Randarray":{"runAfter":{"52000array":["Succeeded"]},"metadata":{"operationMetadataId":"db84e162-ef27-4deb-b416-8cd1297753dd"},"type":"Compose","inputs":"@union(body('52000array'), range(1, length(outputs('1to52array'))))"},"1to52Randtext":{"runAfter":{"1to52Randarray":["Succeeded"]},"metadata":{"operationMetadataId":"2f74a9a1-7da8-48da-b224-7b2ff1a35a6c"},"type":"Join","inputs":{"from":"@outputs('1to52Randarray')","joinWith":","}},"DefaultTramp":{"runAfter":{"1to52Randtext":["Succeeded"]},"metadata":{"operationMetadataId":"c5517d79-82fe-4882-a863-1ee829db59ad"},"type":"Compose","inputs":"\n▯➊➋➌➍➎➏➐➑➒\n\n➊▮▮▮▮▮▮▮▮▮\n\n➋▮▮▮▮▮▮▮▮▮\n\n➌▮▮▮▮▮▮▮▮▮\n\n➍▮▮▮▮▮▮▮▮▮\n\n➎▮▮▮▮▮▮▮▮▮\n\n➏▮▮▮▮▮▮▮"},"DefaultTramp_2":{"runAfter":{"DefaultTramp":["Succeeded"]},"metadata":{"operationMetadataId":"c5517d79-82fe-4882-a863-1ee829db59ad"},"type":"Compose","inputs":"\n▯１２３４５６７８９\n\n１ 🂠 🂠 🂠 🂠 🂠 🂠 🂠 🂠 🂠\n\n２ 🂠 🂠 🂠 🂠 🂠 🂠 🂠 🂠 🂠\n\n３ 🂠 🂠 🂠 🂠 🂠 🂠 🂠 🂠 🂠\n\n４ 🂠 🂠 🂠 🂠 🂠 🂠 🂠 🂠 🂠\n\n５ 🂠 🂠 🂠 🂠 🂠 🂠 🂠 🂠 🂠\n\n６ 🂠 🂠 🂠 🂠 🂠 🂠 🂠"},"DefaultTramp_3":{"runAfter":{"DefaultTramp_2":["Succeeded"]},"metadata":{"operationMetadataId":"c5517d79-82fe-4882-a863-1ee829db59ad"},"type":"Compose","inputs":"\n🔲 ❶ ❷ ❸ ❹ ❺ ❻ ❼ ❽ ❾\n\n❶ 🔳 🔳 🔳 🔳 🔳 🔳 🔳 🔳 🔳\n\n❷ 🔳 🔳 🔳 🔳 🔳 🔳 🔳 🔳 🔳\n\n❸ 🔳 🔳 🔳 🔳 🔳 🔳 🔳 🔳 🔳\n\n❹ 🔳 🔳 🔳 🔳 🔳 🔳 🔳 🔳 🔳\n\n❺ 🔳 🔳 🔳 🔳 🔳 🔳 🔳 🔳 🔳\n\n❻ 🔳 🔳 🔳 🔳 🔳 🔳 🔳 🔳 🔳"}},"outputs":{}}},"schemaVersion":"1.0.0.0"}