{
  "namedEntities": [
    {
      "synonyms": [
        "home"
      ],
      "id": "ff0ca6dd-de7a-4bee-b849-16210d63f3c5",
      "displayName": "ホーム ユーザー",
      "updatedTime": "2022-01-16T12:31:17.4009075Z",
      "updatedUserId": "da46df74-8329-4857-9caf-b5f9bcb15f69"
    },
    {
      "synonyms": [
        "gaming"
      ],
      "id": "2ccf421b-89a6-43a8-8b4f-b8d8f63b58bf",
      "displayName": "ゲーマー",
      "updatedTime": "2022-01-16T12:31:17.4009075Z",
      "updatedUserId": "da46df74-8329-4857-9caf-b5f9bcb15f69"
    },
    {
      "synonyms": [
        "business"
      ],
      "id": "2d32734c-9552-47c5-963b-563fe1d9ea7e",
      "displayName": "ビジネス ユーザー",
      "updatedTime": "2022-01-16T12:31:17.4009075Z",
      "updatedUserId": "da46df74-8329-4857-9caf-b5f9bcb15f69"
    }
  ],
  "closedListTypes": [
    {
      "namedEntities": [
        "ff0ca6dd-de7a-4bee-b849-16210d63f3c5",
        "2ccf421b-89a6-43a8-8b4f-b8d8f63b58bf",
        "2d32734c-9552-47c5-963b-563fe1d9ea7e"
      ],
      "smartMatchingEnabled": true,
      "customTypeSchema": "ClosedList",
      "id": "new_customtype_f7eb90581e92479f9b0d521dd65e3cfe_f86fcadfd497444e91ed11c12b059d10",
      "displayName": "使用状況タイプ",
      "description": "レッスン 4 使用状況タイプ エンティティ",
      "createdTime": "2019-10-25T14:03:43.9601778Z",
      "updatedTime": "2022-01-16T12:31:17.4009075Z",
      "createdUserId": "user0",
      "updatedUserId": "da46df74-8329-4857-9caf-b5f9bcb15f69"
    }
  ]
}