{
  "intents": [
    {
      "triggerQueries": [
        "Concentration",
        "神経衰弱しよう",
        "神経衰弱"
      ],
      "dialogId": "new_topic_6f01223b40f64fa398c37cad27f89463",
      "isTriggeringEnabled": true,
      "id": "new_topic_6f01223b40f64fa398c37cad27f89463",
      "displayName": "神経衰弱_初期化",
      "description": "",
      "createdTime": "2022-01-21T13:44:02.3255383Z",
      "updatedTime": "2022-01-31T06:00:45.634331Z",
      "createdUserId": "da46df74-8329-4857-9caf-b5f9bcb15f69",
      "updatedUserId": "da46df74-8329-4857-9caf-b5f9bcb15f69"
    }
  ],
  "dialogs": [
    {
      "rootNodeId": "d329dba1-4974-4de4-9fe2-3a2d6d36be1f",
      "messageNodes": [
        {
          "botMessageId": "af1de02c-c2d7-4365-9941-4b71e7c42a54",
          "nodeType": "BotMessageNode",
          "id": "63e373bb-3b08-4885-9c26-d3ece58a9bb8",
          "defaultTargetNodeId": "3bd0478a-5d55-457a-b7dd-729bcf7b7e3b"
        },
        {
          "botMessageId": "9c613c88-16e2-44a5-8f88-71f942a9f14f",
          "nodeType": "BotMessageNode",
          "id": "3bd0478a-5d55-457a-b7dd-729bcf7b7e3b",
          "defaultTargetNodeId": "89e1ba3c-f7c5-4d1d-be49-921cc013a98e"
        }
      ],
      "actionNodes": [
        {
          "contextVariableId": "cbccae60-17ca-4163-bf83-87e0ed31c759",
          "nodeType": "ActionNode",
          "outputExpressionVariableIds": [
            "47e5d4a0-0b06-496d-822d-efb9e388a109",
            "5fd7c72b-361d-4d34-93dc-3b83df213c23"
          ],
          "id": "d329dba1-4974-4de4-9fe2-3a2d6d36be1f",
          "defaultTargetNodeId": "63e373bb-3b08-4885-9c26-d3ece58a9bb8"
        }
      ],
      "dialogChangeNodes": [
        {
          "targetDialogId": "new_topic_87c528c53ea84030a18733591bd8cfae",
          "nodeType": "DialogChangeNode",
          "inputParameterVariableIdMap": {
            "37e51c80-2326-4b1d-8a72-75a4a0d667b8": "{5fd7c72b-361d-4d34-93dc-3b83df213c23}",
            "534d85dc-5159-4b71-8cb2-5d1a4581abdf": "{47e5d4a0-0b06-496d-822d-efb9e388a109}"
          },
          "id": "89e1ba3c-f7c5-4d1d-be49-921cc013a98e"
        }
      ],
      "id": "new_topic_6f01223b40f64fa398c37cad27f89463",
      "displayName": "Dialog for 神経衰弱スタート",
      "createdTime": "2022-01-21T13:44:02.3255383Z",
      "updatedTime": "2022-01-22T03:36:17.6436745Z",
      "createdUserId": "da46df74-8329-4857-9caf-b5f9bcb15f69",
      "updatedUserId": "da46df74-8329-4857-9caf-b5f9bcb15f69"
    }
  ],
  "botMessages": [
    {
      "channelContent": {
        "web": {
          "contentFormat": "Markdown",
          "content": "{47e5d4a0-0b06-496d-822d-efb9e388a109}"
        }
      },
      "id": "af1de02c-c2d7-4365-9941-4b71e7c42a54",
      "createdTime": "2022-01-21T13:44:02.3255383Z",
      "updatedTime": "2022-01-21T13:44:02.3255383Z",
      "createdUserId": "da46df74-8329-4857-9caf-b5f9bcb15f69",
      "updatedUserId": "da46df74-8329-4857-9caf-b5f9bcb15f69"
    },
    {
      "channelContent": {
        "web": {
          "contentFormat": "Markdown",
          "content": "\\---Card---  \n{5fd7c72b-361d-4d34-93dc-3b83df213c23}"
        }
      },
      "id": "9c613c88-16e2-44a5-8f88-71f942a9f14f",
      "createdTime": "2022-01-21T14:20:16.929Z",
      "updatedTime": "2022-01-21T14:20:16.929Z",
      "createdUserId": "user-0",
      "updatedUserId": "user-0"
    }
  ],
  "actionDefinitions": [
    {
      "timeoutInSeconds": 60,
      "retryCount": 1,
      "method": 2,
      "headers": {
        "accept": "application/json"
      },
      "bodyContent": "",
      "actionType": "Flow",
      "flowMetadata": {
        "id": "c8ac2b4d-c47a-ec11-8d21-002248623f65",
        "uniqueId": "dbde24b2-061a-4626-84f2-ee0c8eb7d3d7",
        "title": "神経衰弱初期カード作成",
        "description": "Power Virtual Agents からこのフローを呼び出します。",
        "httpMethod": 2,
        "outputParameters": [
          {
            "name": "OutputRandNum",
            "id": "outputrandnum",
            "type": "String",
            "optional": true
          },
          {
            "name": "OutputTramp",
            "id": "outputtramp",
            "type": "String",
            "optional": true
          }
        ],
        "outputSchemaType": "Json",
        "createdTime": "2022-01-21T14:13:27Z",
        "isEnabled": true,
        "lastModifiedTime": "2022-01-21T14:19:52Z",
        "versionNumber": 407298
      },
      "id": "ea1a4a0c-e5ee-4662-80ff-ef13665e2f0b",
      "displayName": "神経衰弱初期カード作成",
      "description": "Power Virtual Agents からこのフローを呼び出します。",
      "createdTime": "2022-01-21T14:20:07.925Z",
      "updatedTime": "2022-01-21T14:20:07.925Z"
    }
  ],
  "contextVariables": [
    {
      "customTypeId": "59630b9d-6ef5-4bca-916f-79e5082c2c71",
      "initializerType": "Action",
      "scope": "Dialog",
      "greedySlotFillingEnabled": false,
      "isInput": false,
      "externalInitializationAllowed": false,
      "actionId": "ea1a4a0c-e5ee-4662-80ff-ef13665e2f0b",
      "isGlobal": false,
      "id": "cbccae60-17ca-4163-bf83-87e0ed31c759",
      "displayName": "",
      "createdTime": "2022-01-21T14:20:07.925Z",
      "updatedTime": "2022-01-22T03:36:17.6436745Z",
      "createdUserId": "user-0",
      "updatedUserId": "da46df74-8329-4857-9caf-b5f9bcb15f69"
    },
    {
      "systemType": "String",
      "initializerType": "Expression",
      "scope": "Dialog",
      "greedySlotFillingEnabled": false,
      "isInput": false,
      "externalInitializationAllowed": false,
      "expression": "@parameters('cbccae60-17ca-4163-bf83-87e0ed31c759')['outputrandnum']",
      "isGlobal": false,
      "id": "47e5d4a0-0b06-496d-822d-efb9e388a109",
      "displayName": "OutputRandNum",
      "createdTime": "2022-01-21T14:20:07.926Z",
      "updatedTime": "2022-01-22T03:36:17.6436745Z",
      "createdUserId": "user-0",
      "updatedUserId": "da46df74-8329-4857-9caf-b5f9bcb15f69"
    },
    {
      "systemType": "String",
      "initializerType": "Expression",
      "scope": "Dialog",
      "greedySlotFillingEnabled": false,
      "isInput": false,
      "externalInitializationAllowed": false,
      "expression": "@parameters('cbccae60-17ca-4163-bf83-87e0ed31c759')['outputtramp']",
      "isGlobal": false,
      "id": "5fd7c72b-361d-4d34-93dc-3b83df213c23",
      "displayName": "OutputTramp",
      "createdTime": "2022-01-21T14:20:07.927Z",
      "updatedTime": "2022-01-22T03:36:17.6436745Z",
      "createdUserId": "user-0",
      "updatedUserId": "da46df74-8329-4857-9caf-b5f9bcb15f69"
    }
  ],
  "jsonTypes": [
    {
      "customTypeSchema": "Json",
      "id": "59630b9d-6ef5-4bca-916f-79e5082c2c71",
      "displayName": "Response Json Type for Flow - 神経衰弱初期カード作成",
      "createdTime": "2022-01-21T14:20:07.925Z",
      "updatedTime": "2022-01-21T14:20:07.925Z"
    }
  ]
}