<ImportExportXml xmlns:xsi="http://www.w3.org/2001/XMLSchema-instance">
  <Entities></Entities>
  <Roles></Roles>
  <Workflows>
    <Workflow WorkflowId="{60bd30ab-a775-ec11-8943-000d3a40f8c9}" Name="オセロ_tri" Description="Power Virtual Agents からこのフローを呼び出します。">
      <JsonFileName>/Workflows/_tri-60BD30AB-A775-EC11-8943-000D3A40F8C9.json</JsonFileName>
      <Type>1</Type>
      <Subprocess>0</Subprocess>
      <Category>5</Category>
      <Mode>0</Mode>
      <Scope>4</Scope>
      <OnDemand>0</OnDemand>
      <TriggerOnCreate>0</TriggerOnCreate>
      <TriggerOnDelete>0</TriggerOnDelete>
      <AsyncAutodelete>0</AsyncAutodelete>
      <SyncWorkflowLogOnFailure>0</SyncWorkflowLogOnFailure>
      <StateCode>1</StateCode>
      <StatusCode>2</StatusCode>
      <RunAs>1</RunAs>
      <IsTransacted>1</IsTransacted>
      <IntroducedVersion>1.0.0.0</IntroducedVersion>
      <IsCustomizable>1</IsCustomizable>
      <BusinessProcessType>0</BusinessProcessType>
      <PrimaryEntity>none</PrimaryEntity>
      <LocalizedNames>
        <LocalizedName languagecode="1033" description="オセロ_tri" />
        <LocalizedName languagecode="1041" description="オセロ_tri" />
      </LocalizedNames>
      <Descriptions>
        <Description languagecode="1033" description="Power Virtual Agents からこのフローを呼び出します。" />
        <Description languagecode="1041" description="Power Virtual Agents からこのフローを呼び出します。" />
      </Descriptions>
    </Workflow>
    <Workflow WorkflowId="{515d1c4f-ad76-ec11-8d21-002248623f65}" Name="オセロ_初期碁盤作成" Description="Power Virtual Agents からこのフローを呼び出します。">
      <JsonFileName>/Workflows/_-515D1C4F-AD76-EC11-8D21-002248623F65.json</JsonFileName>
      <Type>1</Type>
      <Subprocess>0</Subprocess>
      <Category>5</Category>
      <Mode>0</Mode>
      <Scope>4</Scope>
      <OnDemand>0</OnDemand>
      <TriggerOnCreate>0</TriggerOnCreate>
      <TriggerOnDelete>0</TriggerOnDelete>
      <AsyncAutodelete>0</AsyncAutodelete>
      <SyncWorkflowLogOnFailure>0</SyncWorkflowLogOnFailure>
      <StateCode>1</StateCode>
      <StatusCode>2</StatusCode>
      <RunAs>1</RunAs>
      <IsTransacted>1</IsTransacted>
      <IntroducedVersion>1.0.0.0</IntroducedVersion>
      <IsCustomizable>1</IsCustomizable>
      <BusinessProcessType>0</BusinessProcessType>
      <PrimaryEntity>none</PrimaryEntity>
      <LocalizedNames>
        <LocalizedName languagecode="1033" description="オセロ_初期碁盤作成" />
        <LocalizedName languagecode="1041" description="オセロ_初期碁盤作成" />
      </LocalizedNames>
      <Descriptions>
        <Description languagecode="1033" description="Power Virtual Agents からこのフローを呼び出します。" />
        <Description languagecode="1041" description="Power Virtual Agents からこのフローを呼び出します。" />
      </Descriptions>
    </Workflow>
  </Workflows>
  <FieldSecurityProfiles></FieldSecurityProfiles>
  <Templates />
  <EntityMaps />
  <EntityRelationships />
  <OrganizationSettings />
  <optionsets />
  <CustomControls />
  <EntityDataProviders />
  <Languages>
    <Language>1033</Language>
    <Language>1041</Language>
  </Languages>
</ImportExportXml>