<ImportExportXml version="9.2.22021.128" SolutionPackageVersion="9.2" languagecode="1033" generatedBy="CrmLive" xmlns:xsi="http://www.w3.org/2001/XMLSchema-instance">
  <SolutionManifest>
    <UniqueName>Osero</UniqueName>
    <LocalizedNames>
      <LocalizedName description="Osero" languagecode="1033" />
      <LocalizedName description="Osero" languagecode="1041" />
    </LocalizedNames>
    <Descriptions />
    <Version>1.0.0.1</Version>
    <Managed>0</Managed>
    <Publisher>
      <UniqueName>Cr4d702</UniqueName>
      <LocalizedNames>
        <LocalizedName description="CDS Default Publisher" languagecode="1033" />
      </LocalizedNames>
      <Descriptions />
      <EMailAddress xsi:nil="true"></EMailAddress>
      <SupportingWebsiteUrl xsi:nil="true"></SupportingWebsiteUrl>
      <CustomizationPrefix>cr8ef</CustomizationPrefix>
      <CustomizationOptionValuePrefix>55568</CustomizationOptionValuePrefix>
    </Publisher>
    <RootComponents>
      <RootComponent type="29" id="{515d1c4f-ad76-ec11-8d21-002248623f65}" behavior="0" />
      <RootComponent type="29" id="{60bd30ab-a775-ec11-8943-000d3a40f8c9}" behavior="0" />
    </RootComponents>
    <MissingDependencies />
  </SolutionManifest>
</ImportExportXml>