{
  "intents": [
    {
      "systemIntentTypes": [
        "Goodbye"
      ],
      "intentType": "System",
      "triggerQueries": [
        "さようなら",
        "さようなら、ありがとう",
        "では、さようなら",
        "ではまた!",
        "よろしくお願いします。 ごきげんよう。",
        "ごきげんよう",
        "ごきげんよう。どうもありがとう。",
        "ごきげんよう :)",
        "問題ありません。さようなら。",
        "後で何とかします。 ありがとう、さようなら",
        "後で話をする必要があります。",
        "よろしくお願いします。",
        "けっこうです。おやすみなさい",
        "けっこうです。さようなら",
        "けっこうです。ごきげんよう。",
        "ありがとう、でもけっこうです。さようなら",
        "ありがとうございます。でもけっこうです。ごきげんよう。",
        "上記のどれでもありません。さようなら",
        "いや、けっこうです。ありがとう、さようなら。",
        "いや、けっこうです。ありがとう、ごきげんよう。",
        "いや、さようなら。",
        "今ではない。ありがとう、ごきげんよう。",
        "役に立たなかった。さようなら。",
        "ありがとう、ごきげんよう。",
        "ありがとう、また後で。",
        "すばらしい、ごきげんよう。",
        "こっちも一緒。ごきげんよう。",
        "こっちも一緒。さようなら。",
        "また後で",
        "さようなら、助けてくれてありがとう",
        "申し訳ありませんが、仕事に出かけました",
        "申し訳ありませんが、出かけなければなりません。さようなら",
        "気をつけて、ごきげんよう",
        "話してくれてありがとう、ごきげんよう",
        "ありがとう、さようなら",
        "ありがとう、さようなら!",
        "ありがとう、ごきげんよう",
        "助けてくれてありがとう、ではさようなら",
        "助けてくれてありがとう、さようなら",
        "ありがとう、後で確認します",
        "どうもありがとう、さようなら",
        "どうもありがとう、ごきげんよう",
        "ありがとう、また後で",
        "助けてくれてありがとう、ごきげんよう",
        "ありがとう、おやすみなさい",
        "ありがとう。チャットを終了します。",
        "ありがとう。解決しました。ごきげんよう。",
        "Thank you for your help! Goodbye!",
        "Thank you have a nice day",
        "Thank you I will have a look",
        "Thank you so much bye bye",
        "Thank you so much. Have a nice day!",
        "Thank you, have a good day.",
        "Thank you, see you later.",
        "Thank you. Goodbye",
        "Thank you. Bye.",
        "Thanks for help good bye",
        "Thanks for helping goodbye",
        "Thanks for your help. Goodbye..",
        "Thanks for your help. Have a great day!!",
        "Thanks good by",
        "Thanks good bye",
        "Thanks, have a good night",
        "Thanks. Goodbye",
        "Thanks. I will end the chat now.",
        "Thanks. I'm fine now. Have a good day.",
        "Thx. Goodbye"
      ],
      "dialogId": "new_topic_f7eb90581e92479f9b0d521dd65e3cfe_f56d1a3e522740c78f9fac0939332dbd_goodbye",
      "isTriggeringEnabled": true,
      "id": "new_topic_f7eb90581e92479f9b0d521dd65e3cfe_f56d1a3e522740c78f9fac0939332dbd_goodbye",
      "displayName": "さようなら",
      "description": "システム インテントさようなら",
      "createdTime": "2019-01-15T00:00:00Z",
      "updatedTime": "2019-01-15T00:00:00Z",
      "createdUserId": "user0",
      "updatedUserId": "user0"
    }
  ],
  "dialogs": [
    {
      "rootNodeId": "3ce2158c-ebd3-4e2f-9e15-74432e415182",
      "dialogType": "System",
      "messageNodes": [
        {
          "botMessageId": "026a85be-8cca-4b87-b39f-3639fcfe3383",
          "nodeType": "BotMessageNode",
          "id": "3ce2158c-ebd3-4e2f-9e15-74432e415182"
        }
      ],
      "id": "new_topic_f7eb90581e92479f9b0d521dd65e3cfe_f56d1a3e522740c78f9fac0939332dbd_goodbye",
      "displayName": "さようならのダイアログ",
      "createdTime": "2019-01-15T00:00:00Z",
      "updatedTime": "2019-01-15T00:00:00Z",
      "createdUserId": "user0",
      "updatedUserId": "user0"
    }
  ],
  "botMessages": [
    {
      "channelContent": {
        "web": {
          "contentFormat": "Markdown",
          "content": "チャットしていただきありがとうございます。さようなら!"
        }
      },
      "id": "026a85be-8cca-4b87-b39f-3639fcfe3383",
      "createdTime": "2019-01-15T00:00:00Z",
      "updatedTime": "2019-01-15T00:00:00Z",
      "createdUserId": "user0",
      "updatedUserId": "user0"
    }
  ]
}