{"properties":{"connectionReferences":{},"definition":{"$schema":"https://schema.management.azure.com/providers/Microsoft.Logic/schemas/2016-06-01/workflowdefinition.json#","contentVersion":"1.0.0.0","parameters":{"$authentication":{"defaultValue":{},"type":"SecureObject"}},"triggers":{"manual":{"metadata":{"operationMetadataId":"a187c3dc-eb8d-4a57-912e-49d55eefd0ce"},"type":"Request","kind":"VirtualAgent","inputs":{"schema":{"type":"object","properties":{},"required":[]}}}},"actions":{"Return_value(s)_to_Power_Virtual_Agents":{"runAfter":{"ゲームスタート":["Succeeded"]},"metadata":{"operationMetadataId":"92cca060-1fae-4c0d-b1f6-e5cd32b81285"},"type":"Response","kind":"VirtualAgent","inputs":{"statusCode":200,"body":{"initial_board":"@{outputs('ゲームスタート')}"},"schema":{"type":"object","properties":{"initial_board":{"title":"initial_board","x-ms-dynamically-added":true,"type":"string"}}}}},"ゲームスタート":{"runAfter":{},"metadata":{"operationMetadataId":"d44b0cec-b7da-4974-833a-4a74b3534891"},"type":"Compose","inputs":"\n🔲❶❷❸❹ ❺❻❼❽\n\n❶🔲🔲🔲🔲🔲🔲🔲🔲\n\n❷🔲🔲🔲🔲🔲🔲🔲🔲\n\n❸🔲🔲🔲🔲🔲🔲🔲🔲\n\n❹🔲🔲🔲🔵🔴🔲🔲🔲\n\n❺🔲🔲🔲🔴🔵🔲🔲🔲\n\n❻🔲🔲🔲🔲🔲🔲🔲🔲\n\n❼🔲🔲🔲🔲🔲🔲🔲🔲\n\n❽🔲🔲🔲🔲🔲🔲🔲🔲"}},"outputs":{}}},"schemaVersion":"1.0.0.0"}