{"properties":{"connectionReferences":{},"definition":{"$schema":"https://schema.management.azure.com/providers/Microsoft.Logic/schemas/2016-06-01/workflowdefinition.json#","contentVersion":"1.0.0.0","parameters":{"$authentication":{"defaultValue":{},"type":"SecureObject"}},"triggers":{"manual":{"metadata":{"operationMetadataId":"121523c5-97b6-409c-b60c-bf78c8b0f4c4"},"type":"Request","kind":"VirtualAgent","inputs":{"schema":{"type":"object","properties":{"text":{"title":"board","type":"string","x-ms-dynamically-added":true,"description":"盤面","x-ms-content-hint":"TEXT"},"text_1":{"title":"placing","type":"string","x-ms-dynamically-added":true,"description":"手","x-ms-content-hint":"TEXT"}},"required":["text","text_1"]}}}},"actions":{"Return_value(s)_to_Power_Virtual_Agents":{"runAfter":{"Boardヘッダ追加":["Succeeded"]},"metadata":{"operationMetadataId":"ecfdf72f-b331-4408-a3a2-a1f1f56f2871"},"type":"Response","kind":"VirtualAgent","inputs":{"statusCode":200,"body":{"outboard":"@{outputs('Boardヘッダ追加')}"},"schema":{"type":"object","properties":{"outboard":{"title":"Outboard","x-ms-dynamically-added":true,"type":"string"}}}}},"lastNum":{"runAfter":{"ChangeArray":["Succeeded"]},"metadata":{"operationMetadataId":"695f41bc-ff5c-4ff2-8881-f1f059ec5664"},"type":"InitializeVariable","inputs":{"variables":[{"name":"lastNum","type":"integer","value":0}]}},"NewBord":{"runAfter":{"lastNum":["Succeeded"]},"metadata":{"operationMetadataId":"6eb9481c-c947-4971-af95-15f789afe067"},"type":"InitializeVariable","inputs":{"variables":[{"name":"NewBord","type":"string"}]}},"方向8(左上)処理":{"actions":{"8_検索対象Array":{"runAfter":{"8_検索対象添字Array_Filter2":["Succeeded"]},"metadata":{"operationMetadataId":"015021ab-5f5a-4b47-888d-9276459ede0b"},"type":"Select","inputs":{"from":"@body('8_検索対象添字Array_Filter2')","select":{"@{substring(outputs('board'), item(), 1)}":"@item()"}}},"8_検索結果":{"runAfter":{"8_検索値Array":["Succeeded"]},"metadata":{"operationMetadataId":"4dec8523-76c4-4472-8f59-d6f0b7748a84"},"type":"Compose","inputs":"@first(intersection(body('8_検索対象Array'), body('8_検索値Array')))"},"8_検索値Array":{"runAfter":{"8_検索対象Array":["Succeeded"]},"metadata":{"operationMetadataId":"57a743ef-da14-48ca-a1f2-04f329426096"},"type":"Select","inputs":{"from":"@outputs('8_検索対象添字Array')","select":{"@{outputs('placingStone')}":"@item()"}}},"8_検索対象添字Array_Filter1":{"runAfter":{"8_検索対象添字Array":["Succeeded"]},"metadata":{"operationMetadataId":"56ab79b3-586b-4144-9c2d-abfffd1be177"},"type":"Query","inputs":{"from":"@outputs('8_検索対象添字Array')","where":"@greaterOrEquals(item(), 2)"}},"8_検索対象添字Array_Filter2":{"runAfter":{"8_検索対象添字Array_Filter1":["Succeeded"]},"metadata":{"operationMetadataId":"e5410f68-813e-49f7-a88e-700c6b0658fa"},"type":"Query","inputs":{"from":"@body('8_検索対象添字Array_Filter1')","where":"@lessOrEquals(item(), sub(length(outputs('board')), 1))"}},"8_反転対象Array":{"runAfter":{"8_empty検索結果":["Succeeded"]},"metadata":{"operationMetadataId":"80edde2a-d143-49ee-bf8c-371d06372374"},"type":"Query","inputs":{"from":"@body('8_検索対象添字Array_Filter2')","where":"@greaterOrEquals(item(), outputs('8_検索結果')?[outputs('placingStone')])"}},"8_empty検索値Array":{"runAfter":{"8_検索結果":["Succeeded"]},"metadata":{"operationMetadataId":"57a743ef-da14-48ca-a1f2-04f329426096"},"type":"Select","inputs":{"from":"@body('8_検索対象添字Array_Filter2')","select":{"@{outputs('empty')}":"@item()"}}},"8_empty検索結果":{"runAfter":{"8_empty検索値Array":["Succeeded"]},"metadata":{"operationMetadataId":"4dec8523-76c4-4472-8f59-d6f0b7748a84"},"type":"Compose","inputs":"@first(intersection(body('8_検索対象Array'), body('8_empty検索値Array')))"},"8_empty検索結果isNULL？":{"actions":{"8_反転対象に直近のstoneまでの配列をセット":{"runAfter":{},"metadata":{"operationMetadataId":"19493c04-d335-4097-9e2c-66dab136e138"},"type":"SetVariable","inputs":{"name":"8 反転対象","value":"@body('8_反転対象Array')"}}},"runAfter":{"8_反転対象Array":["Succeeded"]},"else":{"actions":{"8_反転対象にemptyがいるか？":{"actions":{"8_反転対象に直近のstoneまでの配列をセット_2":{"runAfter":{},"metadata":{"operationMetadataId":"19493c04-d335-4097-9e2c-66dab136e138"},"type":"SetVariable","inputs":{"name":"8 反転対象","value":"@body('8_反転対象Array')"}}},"runAfter":{},"else":{"actions":{"配列変数に追加_8":{"runAfter":{},"metadata":{"operationMetadataId":"2f7599d0-5bf9-4ef5-9f65-e3882031a52d"},"type":"AppendToArrayVariable","inputs":{"name":"8 反転対象","value":"@outputs('手の配列位置')"}}}},"expression":{"and":[{"greater":["@outputs('8_検索結果')?[outputs('placingStone')]","@outputs('8_empty検索結果')?[outputs('empty')]"]},{"equals":["",""]}]},"metadata":{"operationMetadataId":"5dd45d2d-19f9-49e2-975b-0f079ceeb79e"},"type":"If"}}},"expression":{"equals":["@empty(outputs('8_empty検索結果'))",true]},"metadata":{"operationMetadataId":"adee73be-4a2d-4d7f-9f8e-e383c83d0b6c"},"type":"If"},"8_検索対象添字Array":{"runAfter":{},"metadata":{"operationMetadataId":"4f691253-162e-424e-8d8c-03a2c0d226c9"},"type":"Compose","inputs":["@sub(outputs('手の配列位置'), 12)","@sub(outputs('手の配列位置'), 24)","@sub(outputs('手の配列位置'), 36)","@sub(outputs('手の配列位置'), 48)","@sub(outputs('手の配列位置'), 60)","@sub(outputs('手の配列位置'), 72)","@sub(outputs('手の配列位置'), 84)","@outputs('手の配列位置')"]}},"runAfter":{"方向7(左)処理":["Succeeded"]},"metadata":{"operationMetadataId":"48ef58e9-6171-4306-8958-1bc09253d013"},"type":"Scope"},"ChangeArray":{"runAfter":{"変更対象Array作成":["Succeeded"]},"metadata":{"operationMetadataId":"4f61c777-8c98-4681-abb4-9a2099bcccce"},"type":"InitializeVariable","inputs":{"variables":[{"name":"ChangeArray","type":"array","value":"@body('PlacingandReversal_Sort')"}]}},"変更対象Array作成":{"actions":{"手と反転対象UnionArray":{"runAfter":{},"metadata":{"operationMetadataId":"6a8984b5-f001-4896-9fb5-af2e6655fc1d"},"type":"Compose","inputs":"@union(variables('1 反転対象'),variables('2 反転対象'),variables('3 反転対象'),variables('4_反転対象'),variables('5 反転対象'),variables('6 反転対象'),variables('7 反転対象'),variables('8 反転対象'))"},"1to86_Array":{"runAfter":{"手と反転対象UnionArray":["Succeeded"]},"metadata":{"operationMetadataId":"7d99bccc-dba2-40d5-be23-997945ecb8cb"},"type":"Compose","inputs":"@range(0,length(outputs('board')))"},"PlacingandReversal_Sort":{"runAfter":{"1to86_Array":["Succeeded"]},"metadata":{"operationMetadataId":"c30e3720-d0ab-4e0a-96a3-24ec3cf54b02"},"type":"Query","inputs":{"from":"@outputs('1to86_Array')","where":"@contains(outputs('手と反転対象UnionArray'), item())"}}},"runAfter":{"方向8(左上)処理":["Succeeded"]},"metadata":{"operationMetadataId":"ebd80fee-90de-44f2-90b9-fed10e7adab1"},"type":"Scope"},"方向1(上)処理":{"actions":{"1_検索対象Array":{"runAfter":{"1_検索対象添字Array_Filter2":["Succeeded"]},"metadata":{"operationMetadataId":"015021ab-5f5a-4b47-888d-9276459ede0b"},"type":"Select","inputs":{"from":"@body('1_検索対象添字Array_Filter2')","select":{"@{substring(outputs('board'), item(), 1)}":"@item()"}}},"1_検索結果":{"runAfter":{"1_検索値Array":["Succeeded"]},"metadata":{"operationMetadataId":"4dec8523-76c4-4472-8f59-d6f0b7748a84"},"type":"Compose","inputs":"@first(intersection(body('1_検索対象Array'), body('1_検索値Array')))"},"1_検索値Array":{"runAfter":{"1_検索対象Array":["Succeeded"]},"metadata":{"operationMetadataId":"57a743ef-da14-48ca-a1f2-04f329426096"},"type":"Select","inputs":{"from":"@outputs('1_検索対象添字Array')","select":{"@{outputs('placingStone')}":"@item()"}}},"1_検索対象添字Array_Filter1":{"runAfter":{"1_検索対象添字Array":["Succeeded"]},"metadata":{"operationMetadataId":"56ab79b3-586b-4144-9c2d-abfffd1be177"},"type":"Query","inputs":{"from":"@outputs('1_検索対象添字Array')","where":"@greaterOrEquals(item(), 2)"}},"1_検索対象添字Array_Filter2":{"runAfter":{"1_検索対象添字Array_Filter1":["Succeeded"]},"metadata":{"operationMetadataId":"e5410f68-813e-49f7-a88e-700c6b0658fa"},"type":"Query","inputs":{"from":"@body('1_検索対象添字Array_Filter1')","where":"@lessOrEquals(item(), sub(length(outputs('board')), 1))"}},"1_empty検索値Array":{"runAfter":{"1_検索結果":["Succeeded"]},"metadata":{"operationMetadataId":"57a743ef-da14-48ca-a1f2-04f329426096"},"type":"Select","inputs":{"from":"@body('1_検索対象添字Array_Filter2')","select":{"@{outputs('empty')}":"@item()"}}},"1_empty検索結果":{"runAfter":{"1_empty検索値Array":["Succeeded"]},"metadata":{"operationMetadataId":"4dec8523-76c4-4472-8f59-d6f0b7748a84"},"type":"Compose","inputs":"@first(intersection(body('1_検索対象Array'), body('1_empty検索値Array')))"},"1_empty検索結果isNULL？":{"actions":{"1_反転対象に直近のstoneまでの配列をセット_2":{"runAfter":{},"metadata":{"operationMetadataId":"19493c04-d335-4097-9e2c-66dab136e138"},"type":"SetVariable","inputs":{"name":"1 反転対象","value":"@body('1_反転対象Array')"}}},"runAfter":{"1_反転対象Array":["Succeeded"]},"else":{"actions":{"1_反転対象にemptyがいるか？":{"actions":{"1_反転対象に直近のstoneまでの配列をセット":{"runAfter":{},"metadata":{"operationMetadataId":"19493c04-d335-4097-9e2c-66dab136e138"},"type":"SetVariable","inputs":{"name":"1 反転対象","value":"@body('1_反転対象Array')"}}},"runAfter":{},"else":{"actions":{"配列変数に追加":{"runAfter":{},"metadata":{"operationMetadataId":"2f7599d0-5bf9-4ef5-9f65-e3882031a52d"},"type":"AppendToArrayVariable","inputs":{"name":"1 反転対象","value":"@outputs('手の配列位置')"}}}},"expression":{"and":[{"greater":["@outputs('1_検索結果')?[outputs('placingStone')]","@outputs('1_empty検索結果')?[outputs('empty')]"]},{"equals":["",""]}]},"metadata":{"operationMetadataId":"5dd45d2d-19f9-49e2-975b-0f079ceeb79e"},"type":"If"}}},"expression":{"equals":["@empty(outputs('1_empty検索結果'))",true]},"metadata":{"operationMetadataId":"adee73be-4a2d-4d7f-9f8e-e383c83d0b6c"},"type":"If"},"1_反転対象Array":{"runAfter":{"1_empty検索結果":["Succeeded"]},"metadata":{"operationMetadataId":"80edde2a-d143-49ee-bf8c-371d06372374"},"type":"Query","inputs":{"from":"@body('1_検索対象添字Array_Filter2')","where":"@greaterOrEquals(item(), outputs('1_検索結果')?[outputs('placingStone')])"}},"1_検索対象添字Array":{"runAfter":{},"metadata":{"operationMetadataId":"4f691253-162e-424e-8d8c-03a2c0d226c9"},"type":"Compose","inputs":["@sub(outputs('手の配列位置'), 11)","@sub(outputs('手の配列位置'), 22)","@sub(outputs('手の配列位置'), 33)","@sub(outputs('手の配列位置'), 44)","@sub(outputs('手の配列位置'), 55)","@sub(outputs('手の配列位置'), 66)","@sub(outputs('手の配列位置'), 77)","@outputs('手の配列位置')"]}},"runAfter":{"8_反転対象":["Succeeded"]},"metadata":{"operationMetadataId":"48ef58e9-6171-4306-8958-1bc09253d013"},"type":"Scope"},"初期化処理":{"actions":{"placing":{"runAfter":{},"metadata":{"operationMetadataId":"f90692a2-ff9e-4002-adf9-29fb57c4cc7b"},"type":"Compose","inputs":"@triggerBody()['text']"},"placingX":{"runAfter":{"placing":["Succeeded"]},"metadata":{"operationMetadataId":"7f5a4051-4368-496f-b77a-f7e62954a4d4"},"type":"Compose","inputs":"@int(substring(triggerBody()['text_1'],0,1))"},"placingY":{"runAfter":{"placingX":["Succeeded"]},"metadata":{"operationMetadataId":"4b6a0897-4f3f-4e01-bd8a-c9998cdc97ed"},"type":"Compose","inputs":"@int(substring(triggerBody()['text_1'], 1, 1))"},"placingStone":{"runAfter":{"placingY":["Succeeded"]},"metadata":{"operationMetadataId":"f6ae109e-99ba-49fe-8f85-7a067c894052"},"type":"Compose","inputs":"@if(contains(triggerBody()['text_1'],'🔵'),'○','▲')"},"手の配列位置":{"runAfter":{"empty":["Succeeded"]},"metadata":{"operationMetadataId":"e0a107d7-d7e3-4a8c-b040-1f155a44241d"},"type":"Compose","inputs":"@add(add(outputs('placingX'),1),mul(sub(outputs('placingY'),1),11))","description":"X+1+(Y-1)*11"},"手の配置位置Array":{"runAfter":{"手の配列位置":["Succeeded"]},"metadata":{"operationMetadataId":"0d702ccf-55be-43e8-80b2-b79f1626d5ba"},"type":"Compose","inputs":"@createArray(outputs('手の配列位置'))"},"board":{"runAfter":{"選択":["Succeeded"]},"metadata":{"operationMetadataId":"a3588285-1e99-4a8e-b75d-8410cf73f37c"},"type":"Compose","inputs":"@concat(\r\nsubstring(outputs('boardヘッダ除去'),0,outputs('手の配列位置')),\r\noutputs('placingStone'),\r\nsubstring(outputs('boardヘッダ除去'),add(outputs('手の配列位置'),1),sub(length(outputs('boardヘッダ除去')),add(outputs('手の配列位置'),1))))"},"boardヘッダ除去":{"runAfter":{"手の配置位置Array":["Succeeded"]},"metadata":{"operationMetadataId":"d0aeb0d1-3f47-44dc-abb4-8de9ccb9e019"},"type":"Compose","inputs":"@substring(outputs('Hand2に変換'),12,sub(length(outputs('Hand2に変換')),12))"},"empty":{"runAfter":{"placingStone":["Succeeded"]},"metadata":{"operationMetadataId":"b171ed2d-0d47-4ae1-876c-4e787f1fc208"},"type":"Compose","inputs":"@'■'"},"選択":{"runAfter":{"boardヘッダ除去":["Succeeded"]},"metadata":{"operationMetadataId":"caf8759c-317c-4c4f-953b-c9aa99726f4e"},"type":"Select","inputs":{"from":"@range(0,length(outputs('boardヘッダ除去')))","select":"@substring(outputs('boardヘッダ除去'),item(),1)"}}},"runAfter":{"Automateで扱える文字に置換":["Succeeded"]},"metadata":{"operationMetadataId":"8944c33f-b559-4c9f-b91e-ff049dc7a121"},"type":"Scope"},"方向2(右上)処理":{"actions":{"2_検索対象添字Array":{"runAfter":{},"metadata":{"operationMetadataId":"4f691253-162e-424e-8d8c-03a2c0d226c9"},"type":"Compose","inputs":["@sub(outputs('手の配列位置'), 10)","@sub(outputs('手の配列位置'), 20)","@sub(outputs('手の配列位置'), 30)","@sub(outputs('手の配列位置'), 40)","@sub(outputs('手の配列位置'), 50)","@sub(outputs('手の配列位置'), 60)","@sub(outputs('手の配列位置'), 70)","@outputs('手の配列位置')"]},"2_検索対象Array":{"runAfter":{"2_検索対象添字Array_Filter2":["Succeeded"]},"metadata":{"operationMetadataId":"015021ab-5f5a-4b47-888d-9276459ede0b"},"type":"Select","inputs":{"from":"@body('2_検索対象添字Array_Filter2')","select":{"@{substring(outputs('board'), item(), 1)}":"@item()"}}},"2_検索結果":{"runAfter":{"2_検索値Array":["Succeeded"]},"metadata":{"operationMetadataId":"4dec8523-76c4-4472-8f59-d6f0b7748a84"},"type":"Compose","inputs":"@first(intersection(body('2_検索対象Array'), body('2_検索値Array')))"},"2_検索値Array":{"runAfter":{"2_検索対象Array":["Succeeded"]},"metadata":{"operationMetadataId":"57a743ef-da14-48ca-a1f2-04f329426096"},"type":"Select","inputs":{"from":"@outputs('2_検索対象添字Array')","select":{"@{outputs('placingStone')}":"@item()"}}},"2_検索対象添字Array_Filter1":{"runAfter":{"2_検索対象添字Array":["Succeeded"]},"metadata":{"operationMetadataId":"56ab79b3-586b-4144-9c2d-abfffd1be177"},"type":"Query","inputs":{"from":"@outputs('2_検索対象添字Array')","where":"@greaterOrEquals(item(), 2)"}},"2_検索対象添字Array_Filter2":{"runAfter":{"2_検索対象添字Array_Filter1":["Succeeded"]},"metadata":{"operationMetadataId":"e5410f68-813e-49f7-a88e-700c6b0658fa"},"type":"Query","inputs":{"from":"@body('2_検索対象添字Array_Filter1')","where":"@lessOrEquals(item(), sub(length(outputs('board')), 1))"}},"2_反転対象Array":{"runAfter":{"2_empty検索結果":["Succeeded"]},"metadata":{"operationMetadataId":"80edde2a-d143-49ee-bf8c-371d06372374"},"type":"Query","inputs":{"from":"@body('2_検索対象添字Array_Filter2')","where":"@greaterOrEquals(item(), outputs('2_検索結果')?[outputs('placingStone')])"}},"2_empty検索値Array":{"runAfter":{"2_検索結果":["Succeeded"]},"metadata":{"operationMetadataId":"57a743ef-da14-48ca-a1f2-04f329426096"},"type":"Select","inputs":{"from":"@body('2_検索対象添字Array_Filter2')","select":{"@{outputs('empty')}":"@item()"}}},"2_empty検索結果":{"runAfter":{"2_empty検索値Array":["Succeeded"]},"metadata":{"operationMetadataId":"4dec8523-76c4-4472-8f59-d6f0b7748a84"},"type":"Compose","inputs":"@first(intersection(body('2_検索対象Array'), body('2_empty検索値Array')))"},"2_empty検索結果isNULL？":{"actions":{"2_反転対象に直近のstoneまでの配列をセット_2":{"runAfter":{},"metadata":{"operationMetadataId":"19493c04-d335-4097-9e2c-66dab136e138"},"type":"SetVariable","inputs":{"name":"2 反転対象","value":"@body('2_反転対象Array')"}}},"runAfter":{"2_反転対象Array":["Succeeded"]},"else":{"actions":{"2_反転対象にemptyがいるか？":{"actions":{"2_反転対象に直近のstoneまでの配列をセット":{"runAfter":{},"metadata":{"operationMetadataId":"19493c04-d335-4097-9e2c-66dab136e138"},"type":"SetVariable","inputs":{"name":"2 反転対象","value":"@body('2_反転対象Array')"}}},"runAfter":{},"else":{"actions":{"配列変数に追加_2":{"runAfter":{},"metadata":{"operationMetadataId":"2f7599d0-5bf9-4ef5-9f65-e3882031a52d"},"type":"AppendToArrayVariable","inputs":{"name":"2 反転対象","value":"@outputs('手の配列位置')"}}}},"expression":{"and":[{"greater":["@outputs('2_検索結果')?[outputs('placingStone')]","@outputs('2_empty検索結果')?[outputs('empty')]"]},{"equals":["",""]}]},"metadata":{"operationMetadataId":"5dd45d2d-19f9-49e2-975b-0f079ceeb79e"},"type":"If"}}},"expression":{"equals":["@empty(outputs('2_empty検索結果'))",true]},"metadata":{"operationMetadataId":"adee73be-4a2d-4d7f-9f8e-e383c83d0b6c"},"type":"If"}},"runAfter":{"方向1(上)処理":["Succeeded"]},"metadata":{"operationMetadataId":"48ef58e9-6171-4306-8958-1bc09253d013"},"type":"Scope"},"方向3(右)処理":{"actions":{"3_検索対象添字Array":{"runAfter":{},"metadata":{"operationMetadataId":"4f691253-162e-424e-8d8c-03a2c0d226c9"},"type":"Compose","inputs":["@add(outputs('手の配列位置'), 1)","@add(outputs('手の配列位置'), 2)","@add(outputs('手の配列位置'), 3)","@add(outputs('手の配列位置'), 4)","@add(outputs('手の配列位置'), 5)","@add(outputs('手の配列位置'), 6)","@add(outputs('手の配列位置'), 7)","@outputs('手の配列位置')"]},"3_検索対象Array":{"runAfter":{"3_検索対象添字Array_Filter2":["Succeeded"]},"metadata":{"operationMetadataId":"015021ab-5f5a-4b47-888d-9276459ede0b"},"type":"Select","inputs":{"from":"@body('3_検索対象添字Array_Filter2')","select":{"@{substring(outputs('board'), item(), 1)}":"@item()"}}},"3_検索結果":{"runAfter":{"3_検索値Array":["Succeeded"]},"metadata":{"operationMetadataId":"4dec8523-76c4-4472-8f59-d6f0b7748a84"},"type":"Compose","inputs":"@first(intersection(body('3_検索対象Array'), body('3_検索値Array')))"},"3_検索値Array":{"runAfter":{"3_検索対象Array":["Succeeded"]},"metadata":{"operationMetadataId":"57a743ef-da14-48ca-a1f2-04f329426096"},"type":"Select","inputs":{"from":"@outputs('3_検索対象添字Array')","select":{"@{outputs('placingStone')}":"@item()"}}},"3_検索対象添字Array_Filter1":{"runAfter":{"3_検索対象添字Array":["Succeeded"]},"metadata":{"operationMetadataId":"56ab79b3-586b-4144-9c2d-abfffd1be177"},"type":"Query","inputs":{"from":"@outputs('3_検索対象添字Array')","where":"@greaterOrEquals(item(), outputs('手の配列位置'))"}},"3_検索対象添字Array_Filter2":{"runAfter":{"3_検索対象添字Array_Filter1":["Succeeded"]},"metadata":{"operationMetadataId":"e5410f68-813e-49f7-a88e-700c6b0658fa"},"type":"Query","inputs":{"from":"@body('3_検索対象添字Array_Filter1')","where":"@lessOrEquals(item(), sub(mul(outputs('placingY'), 11), 2))"}},"3_反転対象Array":{"runAfter":{"3_empty検索結果":["Succeeded"]},"metadata":{"operationMetadataId":"80edde2a-d143-49ee-bf8c-371d06372374"},"type":"Query","inputs":{"from":"@body('3_検索対象添字Array_Filter2')","where":"@lessOrEquals(item(), outputs('3_検索結果')?[outputs('placingStone')])"}},"3_empty検索値Array":{"runAfter":{"3_検索結果":["Succeeded"]},"metadata":{"operationMetadataId":"57a743ef-da14-48ca-a1f2-04f329426096"},"type":"Select","inputs":{"from":"@body('3_検索対象添字Array_Filter2')","select":{"@{outputs('empty')}":"@item()"}}},"3_empty検索結果":{"runAfter":{"3_empty検索値Array":["Succeeded"]},"metadata":{"operationMetadataId":"4dec8523-76c4-4472-8f59-d6f0b7748a84"},"type":"Compose","inputs":"@first(intersection(body('3_検索対象Array'), body('3_empty検索値Array')))"},"3_empty検索結果isNULL？":{"actions":{"3_反転対象に直近のstoneまでの配列をセット_2":{"runAfter":{},"metadata":{"operationMetadataId":"19493c04-d335-4097-9e2c-66dab136e138"},"type":"SetVariable","inputs":{"name":"3 反転対象","value":"@body('3_反転対象Array')"}}},"runAfter":{"3_反転対象Array":["Succeeded"]},"else":{"actions":{"3_反転対象にemptyがいるか？":{"actions":{"3_反転対象に直近のstoneまでの配列をセット":{"runAfter":{},"metadata":{"operationMetadataId":"19493c04-d335-4097-9e2c-66dab136e138"},"type":"SetVariable","inputs":{"name":"3 反転対象","value":"@body('3_反転対象Array')"}}},"runAfter":{},"else":{"actions":{"配列変数に追加_3":{"runAfter":{},"metadata":{"operationMetadataId":"2f7599d0-5bf9-4ef5-9f65-e3882031a52d"},"type":"AppendToArrayVariable","inputs":{"name":"3 反転対象","value":"@outputs('手の配列位置')"}}}},"expression":{"and":[{"less":["@outputs('3_検索結果')?[outputs('placingStone')]","@outputs('3_empty検索結果')?[outputs('empty')]"]},{"equals":["",""]}]},"metadata":{"operationMetadataId":"5dd45d2d-19f9-49e2-975b-0f079ceeb79e"},"type":"If"}}},"expression":{"equals":["@empty(outputs('3_empty検索結果'))",true]},"metadata":{"operationMetadataId":"adee73be-4a2d-4d7f-9f8e-e383c83d0b6c"},"type":"If"}},"runAfter":{"方向2(右上)処理":["Succeeded"]},"metadata":{"operationMetadataId":"48ef58e9-6171-4306-8958-1bc09253d013"},"type":"Scope"},"方向6(左下)処理":{"actions":{"6_検索対象添字Array":{"runAfter":{},"metadata":{"operationMetadataId":"4f691253-162e-424e-8d8c-03a2c0d226c9"},"type":"Compose","inputs":["@add(outputs('手の配列位置'), 10)","@add(outputs('手の配列位置'), 20)","@add(outputs('手の配列位置'), 30)","@add(outputs('手の配列位置'), 40)","@add(outputs('手の配列位置'), 50)","@add(outputs('手の配列位置'), 60)","@add(outputs('手の配列位置'), 70)","@outputs('手の配列位置')"]},"6_検索対象Array":{"runAfter":{"6_検索対象添字Array_Filter2":["Succeeded"]},"metadata":{"operationMetadataId":"015021ab-5f5a-4b47-888d-9276459ede0b"},"type":"Select","inputs":{"from":"@body('6_検索対象添字Array_Filter2')","select":{"@{substring(outputs('board'), item(), 1)}":"@item()"}}},"6_検索結果":{"runAfter":{"6_検索値Array":["Succeeded"]},"metadata":{"operationMetadataId":"4dec8523-76c4-4472-8f59-d6f0b7748a84"},"type":"Compose","inputs":"@first(intersection(body('6_検索対象Array'), body('6_検索値Array')))"},"6_検索値Array":{"runAfter":{"6_検索対象Array":["Succeeded"]},"metadata":{"operationMetadataId":"57a743ef-da14-48ca-a1f2-04f329426096"},"type":"Select","inputs":{"from":"@outputs('6_検索対象添字Array')","select":{"@{outputs('placingStone')}":"@item()"}}},"6_検索対象添字Array_Filter1":{"runAfter":{"6_検索対象添字Array":["Succeeded"]},"metadata":{"operationMetadataId":"56ab79b3-586b-4144-9c2d-abfffd1be177"},"type":"Query","inputs":{"from":"@outputs('6_検索対象添字Array')","where":"@greaterOrEquals(item(), 2)"}},"6_検索対象添字Array_Filter2":{"runAfter":{"6_検索対象添字Array_Filter1":["Succeeded"]},"metadata":{"operationMetadataId":"e5410f68-813e-49f7-a88e-700c6b0658fa"},"type":"Query","inputs":{"from":"@body('6_検索対象添字Array_Filter1')","where":"@lessOrEquals(item(), sub(length(outputs('board')), 1))"}},"6_反転対象Array":{"runAfter":{"6_empty検索結果":["Succeeded"]},"metadata":{"operationMetadataId":"80edde2a-d143-49ee-bf8c-371d06372374"},"type":"Query","inputs":{"from":"@body('6_検索対象添字Array_Filter2')","where":"@lessOrEquals(item(), outputs('6_検索結果')?[outputs('placingStone')])"}},"6_empty検索値Array":{"runAfter":{"6_検索結果":["Succeeded"]},"metadata":{"operationMetadataId":"57a743ef-da14-48ca-a1f2-04f329426096"},"type":"Select","inputs":{"from":"@body('6_検索対象添字Array_Filter2')","select":{"@{outputs('empty')}":"@item()"}}},"6_empty検索結果":{"runAfter":{"6_empty検索値Array":["Succeeded"]},"metadata":{"operationMetadataId":"4dec8523-76c4-4472-8f59-d6f0b7748a84"},"type":"Compose","inputs":"@first(intersection(body('6_検索対象Array'), body('6_empty検索値Array')))"},"6_empty検索結果isNULL？":{"actions":{"6_反転対象に直近のstoneまでの配列をセット":{"runAfter":{},"metadata":{"operationMetadataId":"19493c04-d335-4097-9e2c-66dab136e138"},"type":"SetVariable","inputs":{"name":"6 反転対象","value":"@body('6_反転対象Array')"}}},"runAfter":{"6_反転対象Array":["Succeeded"]},"else":{"actions":{"6_反転対象にemptyがいるか？":{"actions":{"6_反転対象に直近のstoneまでの配列をセット_2":{"runAfter":{},"metadata":{"operationMetadataId":"19493c04-d335-4097-9e2c-66dab136e138"},"type":"SetVariable","inputs":{"name":"6 反転対象","value":"@body('6_反転対象Array')"}}},"runAfter":{},"else":{"actions":{"配列変数に追加_6":{"runAfter":{},"metadata":{"operationMetadataId":"2f7599d0-5bf9-4ef5-9f65-e3882031a52d"},"type":"AppendToArrayVariable","inputs":{"name":"6 反転対象","value":"@outputs('手の配列位置')"}}}},"expression":{"and":[{"less":["@outputs('6_検索結果')?[outputs('placingStone')]","@outputs('6_empty検索結果')?[outputs('empty')]"]},{"equals":["",""]}]},"metadata":{"operationMetadataId":"5dd45d2d-19f9-49e2-975b-0f079ceeb79e"},"type":"If"}}},"expression":{"equals":["@empty(outputs('6_empty検索結果'))",true]},"metadata":{"operationMetadataId":"adee73be-4a2d-4d7f-9f8e-e383c83d0b6c"},"type":"If"}},"runAfter":{"方向5(下)処理":["Succeeded"]},"metadata":{"operationMetadataId":"48ef58e9-6171-4306-8958-1bc09253d013"},"type":"Scope"},"方向4(右下)処理":{"actions":{"4_検索対象Array":{"runAfter":{"4_検索対象添字Array_Filter2":["Succeeded"]},"metadata":{"operationMetadataId":"015021ab-5f5a-4b47-888d-9276459ede0b"},"type":"Select","inputs":{"from":"@body('4_検索対象添字Array_Filter2')","select":{"@{substring(outputs('board'), item(), 1)}":"@item()"}}},"4_検索結果":{"runAfter":{"4_検索値Array":["Succeeded"]},"metadata":{"operationMetadataId":"4dec8523-76c4-4472-8f59-d6f0b7748a84"},"type":"Compose","inputs":"@first(intersection(body('4_検索対象Array'), body('4_検索値Array')))"},"4_検索値Array":{"runAfter":{"4_検索対象Array":["Succeeded"]},"metadata":{"operationMetadataId":"57a743ef-da14-48ca-a1f2-04f329426096"},"type":"Select","inputs":{"from":"@outputs('4_検索対象添字Array')","select":{"@{outputs('placingStone')}":"@item()"}}},"4_検索対象添字Array_Filter1":{"runAfter":{"4_検索対象添字Array":["Succeeded"]},"metadata":{"operationMetadataId":"56ab79b3-586b-4144-9c2d-abfffd1be177"},"type":"Query","inputs":{"from":"@outputs('4_検索対象添字Array')","where":"@greaterOrEquals(item(), 2)"}},"4_検索対象添字Array_Filter2":{"runAfter":{"4_検索対象添字Array_Filter1":["Succeeded"]},"metadata":{"operationMetadataId":"e5410f68-813e-49f7-a88e-700c6b0658fa"},"type":"Query","inputs":{"from":"@body('4_検索対象添字Array_Filter1')","where":"@lessOrEquals(item(), sub(length(outputs('board')), 1))"}},"4_反転対象Array":{"runAfter":{"4_empty検索結果":["Succeeded"]},"metadata":{"operationMetadataId":"80edde2a-d143-49ee-bf8c-371d06372374"},"type":"Query","inputs":{"from":"@body('4_検索対象添字Array_Filter2')","where":"@lessOrEquals(item(), outputs('4_検索結果')?[outputs('placingStone')])"}},"4_empty検索値Array":{"runAfter":{"4_検索結果":["Succeeded"]},"metadata":{"operationMetadataId":"57a743ef-da14-48ca-a1f2-04f329426096"},"type":"Select","inputs":{"from":"@body('4_検索対象添字Array_Filter2')","select":{"@{outputs('empty')}":"@item()"}}},"4_empty検索結果":{"runAfter":{"4_empty検索値Array":["Succeeded"]},"metadata":{"operationMetadataId":"4dec8523-76c4-4472-8f59-d6f0b7748a84"},"type":"Compose","inputs":"@first(intersection(body('4_検索対象Array'), body('4_empty検索値Array')))"},"4_empty検索結果isNULL？":{"actions":{"4_反転対象に直近のstoneまでの配列をセット_2":{"runAfter":{},"metadata":{"operationMetadataId":"19493c04-d335-4097-9e2c-66dab136e138"},"type":"SetVariable","inputs":{"name":"4_反転対象","value":"@body('4_反転対象Array')"}}},"runAfter":{"4_反転対象Array":["Succeeded"]},"else":{"actions":{"4_反転対象にemptyがいるか？":{"actions":{"4_反転対象に直近のstoneまでの配列をセット":{"runAfter":{},"metadata":{"operationMetadataId":"19493c04-d335-4097-9e2c-66dab136e138"},"type":"SetVariable","inputs":{"name":"4_反転対象","value":"@body('4_反転対象Array')"}}},"runAfter":{},"else":{"actions":{"配列変数に追加_4":{"runAfter":{},"metadata":{"operationMetadataId":"2f7599d0-5bf9-4ef5-9f65-e3882031a52d"},"type":"AppendToArrayVariable","inputs":{"name":"4_反転対象","value":"@outputs('手の配列位置')"}}}},"expression":{"and":[{"less":["@outputs('4_検索結果')?[outputs('placingStone')]","@outputs('4_empty検索結果')?[outputs('empty')]"]},{"equals":["",""]}]},"metadata":{"operationMetadataId":"5dd45d2d-19f9-49e2-975b-0f079ceeb79e"},"type":"If"}}},"expression":{"equals":["@empty(outputs('4_empty検索結果'))",true]},"metadata":{"operationMetadataId":"adee73be-4a2d-4d7f-9f8e-e383c83d0b6c"},"type":"If"},"4_検索対象添字Array":{"runAfter":{},"metadata":{"operationMetadataId":"4f691253-162e-424e-8d8c-03a2c0d226c9"},"type":"Compose","inputs":["@add(outputs('手の配列位置'), 12)","@add(outputs('手の配列位置'), 24)","@add(outputs('手の配列位置'), 36)","@add(outputs('手の配列位置'), 48)","@add(outputs('手の配列位置'), 60)","@add(outputs('手の配列位置'), 72)","@add(outputs('手の配列位置'), 84)","@outputs('手の配列位置')"]}},"runAfter":{"方向3(右)処理":["Succeeded"]},"metadata":{"operationMetadataId":"48ef58e9-6171-4306-8958-1bc09253d013"},"type":"Scope"},"方向5(下)処理":{"actions":{"5_検索対象Array":{"runAfter":{"5_検索対象添字Array_Filter2":["Succeeded"]},"metadata":{"operationMetadataId":"015021ab-5f5a-4b47-888d-9276459ede0b"},"type":"Select","inputs":{"from":"@body('5_検索対象添字Array_Filter2')","select":{"@{substring(outputs('board'), item(), 1)}":"@item()"}}},"5_検索結果":{"runAfter":{"5_検索値Array":["Succeeded"]},"metadata":{"operationMetadataId":"4dec8523-76c4-4472-8f59-d6f0b7748a84"},"type":"Compose","inputs":"@first(intersection(body('5_検索対象Array'), body('5_検索値Array')))"},"5_検索値Array":{"runAfter":{"5_検索対象Array":["Succeeded"]},"metadata":{"operationMetadataId":"57a743ef-da14-48ca-a1f2-04f329426096"},"type":"Select","inputs":{"from":"@outputs('5_検索対象添字Array')","select":{"@{outputs('placingStone')}":"@item()"}}},"5_検索対象添字Array_Filter1":{"runAfter":{"5_検索対象添字Array":["Succeeded"]},"metadata":{"operationMetadataId":"56ab79b3-586b-4144-9c2d-abfffd1be177"},"type":"Query","inputs":{"from":"@outputs('5_検索対象添字Array')","where":"@greaterOrEquals(item(), 2)"}},"5_検索対象添字Array_Filter2":{"runAfter":{"5_検索対象添字Array_Filter1":["Succeeded"]},"metadata":{"operationMetadataId":"e5410f68-813e-49f7-a88e-700c6b0658fa"},"type":"Query","inputs":{"from":"@body('5_検索対象添字Array_Filter1')","where":"@lessOrEquals(item(), sub(length(outputs('board')), 1))"}},"5_反転対象Array":{"runAfter":{"5_empty検索結果":["Succeeded"]},"metadata":{"operationMetadataId":"80edde2a-d143-49ee-bf8c-371d06372374"},"type":"Query","inputs":{"from":"@body('5_検索対象添字Array_Filter2')","where":"@lessOrEquals(item(), outputs('5_検索結果')?[outputs('placingStone')])"}},"5_empty検索値Array":{"runAfter":{"5_検索結果":["Succeeded"]},"metadata":{"operationMetadataId":"57a743ef-da14-48ca-a1f2-04f329426096"},"type":"Select","inputs":{"from":"@body('5_検索対象添字Array_Filter2')","select":{"@{outputs('empty')}":"@item()"}}},"5_empty検索結果":{"runAfter":{"5_empty検索値Array":["Succeeded"]},"metadata":{"operationMetadataId":"4dec8523-76c4-4472-8f59-d6f0b7748a84"},"type":"Compose","inputs":"@first(intersection(body('5_検索対象Array'), body('5_empty検索値Array')))"},"5_empty検索結果isNULL？":{"actions":{"5_反転対象に直近のstoneまでの配列をセット_2":{"runAfter":{},"metadata":{"operationMetadataId":"19493c04-d335-4097-9e2c-66dab136e138"},"type":"SetVariable","inputs":{"name":"5 反転対象","value":"@body('5_反転対象Array')"}}},"runAfter":{"5_反転対象Array":["Succeeded"]},"else":{"actions":{"5_反転対象にemptyがいるか？":{"actions":{"5_反転対象に直近のstoneまでの配列をセット":{"runAfter":{},"metadata":{"operationMetadataId":"19493c04-d335-4097-9e2c-66dab136e138"},"type":"SetVariable","inputs":{"name":"5 反転対象","value":"@body('5_反転対象Array')"}}},"runAfter":{},"else":{"actions":{"配列変数に追加_5":{"runAfter":{},"metadata":{"operationMetadataId":"2f7599d0-5bf9-4ef5-9f65-e3882031a52d"},"type":"AppendToArrayVariable","inputs":{"name":"5 反転対象","value":"@outputs('手の配列位置')"}}}},"expression":{"and":[{"less":["@outputs('5_検索結果')?[outputs('placingStone')]","@outputs('5_empty検索結果')?[outputs('empty')]"]},{"equals":["",""]}]},"metadata":{"operationMetadataId":"5dd45d2d-19f9-49e2-975b-0f079ceeb79e"},"type":"If"}}},"expression":{"equals":["@empty(outputs('5_empty検索結果'))",true]},"metadata":{"operationMetadataId":"adee73be-4a2d-4d7f-9f8e-e383c83d0b6c"},"type":"If"},"5_検索対象添字Array":{"runAfter":{},"metadata":{"operationMetadataId":"4f691253-162e-424e-8d8c-03a2c0d226c9"},"type":"Compose","inputs":["@add(outputs('手の配列位置'), 11)","@add(outputs('手の配列位置'), 22)","@add(outputs('手の配列位置'), 33)","@add(outputs('手の配列位置'), 44)","@add(outputs('手の配列位置'), 55)","@add(outputs('手の配列位置'), 66)","@add(outputs('手の配列位置'), 77)","@outputs('手の配列位置')"]}},"runAfter":{"方向4(右下)処理":["Succeeded"]},"metadata":{"operationMetadataId":"48ef58e9-6171-4306-8958-1bc09253d013"},"type":"Scope"},"方向7(左)処理":{"actions":{"7_検索対象添字Array":{"runAfter":{},"metadata":{"operationMetadataId":"4f691253-162e-424e-8d8c-03a2c0d226c9"},"type":"Compose","inputs":["@sub(outputs('手の配列位置'), 1)","@sub(outputs('手の配列位置'), 2)","@sub(outputs('手の配列位置'), 3)","@sub(outputs('手の配列位置'), 4)","@sub(outputs('手の配列位置'), 5)","@sub(outputs('手の配列位置'), 6)","@sub(outputs('手の配列位置'), 7)","@outputs('手の配列位置')"]},"7_検索対象Array":{"runAfter":{"7_検索対象添字Array_Filter2":["Succeeded"]},"metadata":{"operationMetadataId":"015021ab-5f5a-4b47-888d-9276459ede0b"},"type":"Select","inputs":{"from":"@body('7_検索対象添字Array_Filter2')","select":{"@{substring(outputs('board'), item(), 1)}":"@item()"}}},"7_検索結果":{"runAfter":{"7_検索値Array":["Succeeded"]},"metadata":{"operationMetadataId":"4dec8523-76c4-4472-8f59-d6f0b7748a84"},"type":"Compose","inputs":"@first(intersection(body('7_検索対象Array'), body('7_検索値Array')))"},"7_検索値Array":{"runAfter":{"7_検索対象Array":["Succeeded"]},"metadata":{"operationMetadataId":"57a743ef-da14-48ca-a1f2-04f329426096"},"type":"Select","inputs":{"from":"@outputs('7_検索対象添字Array')","select":{"@{outputs('placingStone')}":"@item()"}}},"7_検索対象添字Array_Filter1":{"runAfter":{"7_検索対象添字Array":["Succeeded"]},"metadata":{"operationMetadataId":"56ab79b3-586b-4144-9c2d-abfffd1be177"},"type":"Query","inputs":{"from":"@outputs('7_検索対象添字Array')","where":"@lessOrEquals(item(), outputs('手の配列位置'))"}},"7_検索対象添字Array_Filter2":{"runAfter":{"7_検索対象添字Array_Filter1":["Succeeded"]},"metadata":{"operationMetadataId":"e5410f68-813e-49f7-a88e-700c6b0658fa"},"type":"Query","inputs":{"from":"@body('7_検索対象添字Array_Filter1')","where":"@greaterOrEquals(item(), sub(mul(outputs('placingY'), 11), 9))"}},"7_反転対象Array":{"runAfter":{"7_empty検索結果":["Succeeded"]},"metadata":{"operationMetadataId":"80edde2a-d143-49ee-bf8c-371d06372374"},"type":"Query","inputs":{"from":"@body('7_検索対象添字Array_Filter2')","where":"@greaterOrEquals(item(), outputs('7_検索結果')?[outputs('placingStone')])"}},"7_empty検索値Array":{"runAfter":{"7_検索結果":["Succeeded"]},"metadata":{"operationMetadataId":"57a743ef-da14-48ca-a1f2-04f329426096"},"type":"Select","inputs":{"from":"@body('7_検索対象添字Array_Filter2')","select":{"@{outputs('empty')}":"@item()"}}},"7_empty検索結果":{"runAfter":{"7_empty検索値Array":["Succeeded"]},"metadata":{"operationMetadataId":"4dec8523-76c4-4472-8f59-d6f0b7748a84"},"type":"Compose","inputs":"@first(intersection(body('7_検索対象Array'), body('7_empty検索値Array')))"},"7_empty検索結果isNULL？":{"actions":{"7_反転対象に直近のstoneまでの配列をセット":{"runAfter":{},"metadata":{"operationMetadataId":"19493c04-d335-4097-9e2c-66dab136e138"},"type":"SetVariable","inputs":{"name":"7 反転対象","value":"@body('7_反転対象Array')"}}},"runAfter":{"7_反転対象Array":["Succeeded"]},"else":{"actions":{"7_反転対象にemptyがいるか？":{"actions":{"7_反転対象に直近のstoneまでの配列をセット_3":{"runAfter":{},"metadata":{"operationMetadataId":"19493c04-d335-4097-9e2c-66dab136e138"},"type":"SetVariable","inputs":{"name":"7 反転対象","value":"@body('7_反転対象Array')"}}},"runAfter":{},"else":{"actions":{"配列変数に追加_7":{"runAfter":{},"metadata":{"operationMetadataId":"2f7599d0-5bf9-4ef5-9f65-e3882031a52d"},"type":"AppendToArrayVariable","inputs":{"name":"7 反転対象","value":"@outputs('手の配列位置')"}}}},"expression":{"and":[{"greater":["@outputs('7_検索結果')?[outputs('placingStone')]","@outputs('7_empty検索結果')?[outputs('empty')]"]},{"equals":["",""]}]},"metadata":{"operationMetadataId":"5dd45d2d-19f9-49e2-975b-0f079ceeb79e"},"type":"If"}}},"expression":{"equals":["@empty(outputs('7_empty検索結果'))",true]},"metadata":{"operationMetadataId":"adee73be-4a2d-4d7f-9f8e-e383c83d0b6c"},"type":"If"}},"runAfter":{"方向6(左下)処理":["Succeeded"]},"metadata":{"operationMetadataId":"48ef58e9-6171-4306-8958-1bc09253d013"},"type":"Scope"},"1_反転対象":{"runAfter":{"初期化処理":["Succeeded"]},"metadata":{"operationMetadataId":"877a9a14-d600-458d-ac78-485441f55fdc"},"type":"InitializeVariable","inputs":{"variables":[{"name":"1 反転対象","type":"array"}]}},"2_反転対象":{"runAfter":{"1_反転対象":["Succeeded"]},"metadata":{"operationMetadataId":"877a9a14-d600-458d-ac78-485441f55fdc"},"type":"InitializeVariable","inputs":{"variables":[{"name":"2 反転対象","type":"array"}]}},"3_反転対象":{"runAfter":{"2_反転対象":["Succeeded"]},"metadata":{"operationMetadataId":"877a9a14-d600-458d-ac78-485441f55fdc"},"type":"InitializeVariable","inputs":{"variables":[{"name":"3 反転対象","type":"array"}]}},"4_反転対象":{"runAfter":{"3_反転対象":["Succeeded"]},"metadata":{"operationMetadataId":"877a9a14-d600-458d-ac78-485441f55fdc"},"type":"InitializeVariable","inputs":{"variables":[{"name":"4_反転対象","type":"array"}]}},"5_反転対象":{"runAfter":{"4_反転対象":["Succeeded"]},"metadata":{"operationMetadataId":"877a9a14-d600-458d-ac78-485441f55fdc"},"type":"InitializeVariable","inputs":{"variables":[{"name":"5 反転対象","type":"array"}]}},"6_反転対象":{"runAfter":{"5_反転対象":["Succeeded"]},"metadata":{"operationMetadataId":"877a9a14-d600-458d-ac78-485441f55fdc"},"type":"InitializeVariable","inputs":{"variables":[{"name":"6 反転対象","type":"array"}]}},"7_反転対象":{"runAfter":{"6_反転対象":["Succeeded"]},"metadata":{"operationMetadataId":"877a9a14-d600-458d-ac78-485441f55fdc"},"type":"InitializeVariable","inputs":{"variables":[{"name":"7 反転対象","type":"array"}]}},"8_反転対象":{"runAfter":{"7_反転対象":["Succeeded"]},"metadata":{"operationMetadataId":"877a9a14-d600-458d-ac78-485441f55fdc"},"type":"InitializeVariable","inputs":{"variables":[{"name":"8 反転対象","type":"array"}]}},"碁盤の作成":{"actions":{"碁盤を添え字付きの配列に変換":{"runAfter":{},"metadata":{"operationMetadataId":"a4aac395-befb-457d-9b74-ed2498e0ccb7"},"type":"Select","inputs":{"from":"@range(0,length(outputs('board')))","select":{"index":"@item()","value":"@substring(outputs('board'), item(), 1)"}}},"碁盤情報と反転情報をマージ":{"runAfter":{"碁盤を添え字付きの配列に変換":["Succeeded"]},"metadata":{"operationMetadataId":"49f306a2-cb0a-4ef4-b99f-b408dec1a5b2"},"type":"Select","inputs":{"from":"@body('碁盤を添え字付きの配列に変換')","select":"@if(contains(variables('ChangeArray'),item()?['index']),outputs('placingStone'),item()?['value'])"}},"txtMargeBoard":{"runAfter":{"碁盤情報と反転情報をマージ":["Succeeded"]},"metadata":{"operationMetadataId":"2dd551ab-26fe-48b1-ad63-9505ea78a358"},"type":"Join","inputs":{"from":"@body('碁盤情報と反転情報をマージ')","joinWith":"@{null}"}},"改行と行番上書き":{"runAfter":{"txtMargeBoard":["Succeeded"]},"metadata":{"operationMetadataId":"36d83b19-3a2c-4f46-89f4-4b20b8af5d24"},"type":"Compose","inputs":"@concat(\r\ndecodeUriComponent('%0A'),'❶',substring(body('txtMargeBoard'),2,8),decodeUriComponent('%0A'),\r\ndecodeUriComponent('%0A'),'❷',substring(body('txtMargeBoard'),13,8),decodeUriComponent('%0A'),\r\ndecodeUriComponent('%0A'),'❸',substring(body('txtMargeBoard'),24,8),decodeUriComponent('%0A'),\r\ndecodeUriComponent('%0A'),'❹',substring(body('txtMargeBoard'),35,8),decodeUriComponent('%0A'),\r\ndecodeUriComponent('%0A'),'❺',substring(body('txtMargeBoard'),46,8),decodeUriComponent('%0A'),\r\ndecodeUriComponent('%0A'),'❻',substring(body('txtMargeBoard'),57,8),decodeUriComponent('%0A'),\r\ndecodeUriComponent('%0A'),'❼',substring(body('txtMargeBoard'),68,8),decodeUriComponent('%0A'),\r\ndecodeUriComponent('%0A'),'❽',substring(body('txtMargeBoard'),79,8),decodeUriComponent('%0A')\r\n)"}},"runAfter":{"NewBord":["Succeeded"]},"metadata":{"operationMetadataId":"adb9a221-a40a-4d89-9113-1278f8edcfaa"},"type":"Scope"},"Automateで扱える文字に置換":{"actions":{"Emptyに変換":{"runAfter":{},"metadata":{"operationMetadataId":"ce34521d-ebc0-4b80-a139-739970447359"},"type":"Compose","inputs":"@replace(triggerBody()['text'], '🔲', '■')"},"Hand1に変換":{"runAfter":{"Emptyに変換":["Succeeded"]},"metadata":{"operationMetadataId":"ce34521d-ebc0-4b80-a139-739970447359"},"type":"Compose","inputs":"@replace(outputs('Emptyに変換'), '🔵', '○')"},"Hand2に変換":{"runAfter":{"Hand1に変換":["Succeeded"]},"metadata":{"operationMetadataId":"ce34521d-ebc0-4b80-a139-739970447359"},"type":"Compose","inputs":"@replace(outputs('Hand1に変換'), '🔴', '▲')"}},"runAfter":{},"metadata":{"operationMetadataId":"fb358ff5-80c8-401b-a787-6e280902fad3"},"type":"Scope"},"Automateで扱えない文字に置換":{"actions":{"Emptyに変換_2":{"runAfter":{},"metadata":{"operationMetadataId":"ce34521d-ebc0-4b80-a139-739970447359"},"type":"Compose","inputs":"@replace(outputs('改行と行番上書き'), '■', '🔲')"},"Hand1に変換_2":{"runAfter":{"Emptyに変換_2":["Succeeded"]},"metadata":{"operationMetadataId":"ce34521d-ebc0-4b80-a139-739970447359"},"type":"Compose","inputs":"@replace(outputs('Emptyに変換_2'), '○', '🔵')"},"Hand2に変換_2":{"runAfter":{"Hand1に変換_2":["Succeeded"]},"metadata":{"operationMetadataId":"ce34521d-ebc0-4b80-a139-739970447359"},"type":"Compose","inputs":"@replace(outputs('Hand1に変換_2'), '▲', '🔴')"}},"runAfter":{"碁盤の作成":["Succeeded"]},"metadata":{"operationMetadataId":"602b931d-e0c1-4317-a62d-6fb7e66f920c"},"type":"Scope"},"Boardヘッダ追加":{"runAfter":{"Automateで扱えない文字に置換":["Succeeded"]},"metadata":{"operationMetadataId":"afc4617c-2395-493a-b8b7-2a69797c14da"},"type":"Compose","inputs":"@concat(\r\ndecodeUriComponent('%0A'),\r\n'🔲❶❷❸❹ ❺❻❼❽',\r\ndecodeUriComponent('%0A'),\r\noutputs('Hand2に変換_2')\r\n)"}},"outputs":{}}},"schemaVersion":"1.0.0.0"}