<bot_botcomponentset>
  <bot_botcomponent botcomponentid.schemaname="new_customtype_604128679b0047d5a6f4c0402507b6a4_92610204747047ac8f788f7eecd91118" botid.schemaname="new_bot_604128679b0047d5a6f4c0402507b6a4">
    <iscustomizable>1</iscustomizable>
  </bot_botcomponent>
  <bot_botcomponent botcomponentid.schemaname="new_customtype_604128679b0047d5a6f4c0402507b6a4_f86fcadfd497444e91ed11c12b059d10" botid.schemaname="new_bot_604128679b0047d5a6f4c0402507b6a4">
    <iscustomizable>1</iscustomizable>
  </bot_botcomponent>
  <bot_botcomponent botcomponentid.schemaname="new_topic_5cf297f5c7054c3cb76e62201ffcfe29.dialog.schema" botid.schemaname="new_bot_604128679b0047d5a6f4c0402507b6a4">
    <iscustomizable>1</iscustomizable>
  </bot_botcomponent>
  <bot_botcomponent botcomponentid.schemaname="new_topic_5cf297f5c7054c3cb76e62201ffcfe29" botid.schemaname="new_bot_604128679b0047d5a6f4c0402507b6a4">
    <iscustomizable>1</iscustomizable>
  </bot_botcomponent>
  <bot_botcomponent botcomponentid.schemaname="new_topic_604128679b0047d5a6f4c0402507b6a4_3d2584ec30914684839527e05e7be172_thankyou" botid.schemaname="new_bot_604128679b0047d5a6f4c0402507b6a4">
    <iscustomizable>1</iscustomizable>
  </bot_botcomponent>
  <bot_botcomponent botcomponentid.schemaname="new_topic_604128679b0047d5a6f4c0402507b6a4_8a4964498f83424bb3a86295bf7d0952_startover" botid.schemaname="new_bot_604128679b0047d5a6f4c0402507b6a4">
    <iscustomizable>1</iscustomizable>
  </bot_botcomponent>
  <bot_botcomponent botcomponentid.schemaname="new_topic_604128679b0047d5a6f4c0402507b6a4_954135cafcd647eaae5999ad91fc08cf_talktoagent" botid.schemaname="new_bot_604128679b0047d5a6f4c0402507b6a4">
    <iscustomizable>1</iscustomizable>
  </bot_botcomponent>
  <bot_botcomponent botcomponentid.schemaname="new_topic_604128679b0047d5a6f4c0402507b6a4_aeabea4d071f415c8c107e1cb7af5424_assumedsuccess" botid.schemaname="new_bot_604128679b0047d5a6f4c0402507b6a4">
    <iscustomizable>1</iscustomizable>
  </bot_botcomponent>
  <bot_botcomponent botcomponentid.schemaname="new_topic_604128679b0047d5a6f4c0402507b6a4_ba7b967c97ba4c39bca58a8bb6a72d59_conversationstart" botid.schemaname="new_bot_604128679b0047d5a6f4c0402507b6a4">
    <iscustomizable>1</iscustomizable>
  </bot_botcomponent>
  <bot_botcomponent botcomponentid.schemaname="new_topic_604128679b0047d5a6f4c0402507b6a4_d2198a5ee41a48a5bf70ab8970145a9f_confirmedfailure" botid.schemaname="new_bot_604128679b0047d5a6f4c0402507b6a4">
    <iscustomizable>1</iscustomizable>
  </bot_botcomponent>
  <bot_botcomponent botcomponentid.schemaname="new_topic_604128679b0047d5a6f4c0402507b6a4_db1f76b081dc43389df9dd2df7518737_confirmedsuccess" botid.schemaname="new_bot_604128679b0047d5a6f4c0402507b6a4">
    <iscustomizable>1</iscustomizable>
  </bot_botcomponent>
  <bot_botcomponent botcomponentid.schemaname="new_topic_604128679b0047d5a6f4c0402507b6a4_f56d1a3e522740c78f9fac0939332dbd_goodbye" botid.schemaname="new_bot_604128679b0047d5a6f4c0402507b6a4">
    <iscustomizable>1</iscustomizable>
  </bot_botcomponent>
  <bot_botcomponent botcomponentid.schemaname="new_topic_6f01223b40f64fa398c37cad27f89463" botid.schemaname="new_bot_604128679b0047d5a6f4c0402507b6a4">
    <iscustomizable>1</iscustomizable>
  </bot_botcomponent>
  <bot_botcomponent botcomponentid.schemaname="new_topic_87c528c53ea84030a18733591bd8cfae.dialog.schema" botid.schemaname="new_bot_604128679b0047d5a6f4c0402507b6a4">
    <iscustomizable>1</iscustomizable>
  </bot_botcomponent>
  <bot_botcomponent botcomponentid.schemaname="new_topic_87c528c53ea84030a18733591bd8cfae" botid.schemaname="new_bot_604128679b0047d5a6f4c0402507b6a4">
    <iscustomizable>1</iscustomizable>
  </bot_botcomponent>
</bot_botcomponentset>