<botcomponent_workflowset>
  <botcomponent_workflow botcomponentid.schemaname="new_topic_5cf297f5c7054c3cb76e62201ffcfe29" workflowid.workflowid="87b44827-c87a-ec11-8d21-002248623f65">
    <iscustomizable>1</iscustomizable>
  </botcomponent_workflow>
  <botcomponent_workflow botcomponentid.schemaname="new_topic_6f01223b40f64fa398c37cad27f89463" workflowid.workflowid="c8ac2b4d-c47a-ec11-8d21-002248623f65">
    <iscustomizable>1</iscustomizable>
  </botcomponent_workflow>
  <botcomponent_workflow botcomponentid.schemaname="new_topic_87c528c53ea84030a18733591bd8cfae" workflowid.workflowid="87b44827-c87a-ec11-8d21-002248623f65">
    <iscustomizable>1</iscustomizable>
  </botcomponent_workflow>
</botcomponent_workflowset>