<botcomponent_botcomponentset>
  <botcomponent_botcomponent botcomponentidone.schemaname="new_topic_5cf297f5c7054c3cb76e62201ffcfe29" botcomponentidtwo.schemaname="new_topic_6f01223b40f64fa398c37cad27f89463">
    <iscustomizable>1</iscustomizable>
  </botcomponent_botcomponent>
  <botcomponent_botcomponent botcomponentidone.schemaname="new_topic_5cf297f5c7054c3cb76e62201ffcfe29" botcomponentidtwo.schemaname="new_topic_87c528c53ea84030a18733591bd8cfae">
    <iscustomizable>1</iscustomizable>
  </botcomponent_botcomponent>
  <botcomponent_botcomponent botcomponentidone.schemaname="new_topic_604128679b0047d5a6f4c0402507b6a4_8a4964498f83424bb3a86295bf7d0952_startover" botcomponentidtwo.schemaname="new_topic_604128679b0047d5a6f4c0402507b6a4_ba7b967c97ba4c39bca58a8bb6a72d59_conversationstart">
    <iscustomizable>1</iscustomizable>
  </botcomponent_botcomponent>
  <botcomponent_botcomponent botcomponentidone.schemaname="new_topic_604128679b0047d5a6f4c0402507b6a4_aeabea4d071f415c8c107e1cb7af5424_assumedsuccess" botcomponentidtwo.schemaname="new_topic_604128679b0047d5a6f4c0402507b6a4_d2198a5ee41a48a5bf70ab8970145a9f_confirmedfailure">
    <iscustomizable>1</iscustomizable>
  </botcomponent_botcomponent>
  <botcomponent_botcomponent botcomponentidone.schemaname="new_topic_604128679b0047d5a6f4c0402507b6a4_aeabea4d071f415c8c107e1cb7af5424_assumedsuccess" botcomponentidtwo.schemaname="new_topic_604128679b0047d5a6f4c0402507b6a4_db1f76b081dc43389df9dd2df7518737_confirmedsuccess">
    <iscustomizable>1</iscustomizable>
  </botcomponent_botcomponent>
  <botcomponent_botcomponent botcomponentidone.schemaname="new_topic_604128679b0047d5a6f4c0402507b6a4_d2198a5ee41a48a5bf70ab8970145a9f_confirmedfailure" botcomponentidtwo.schemaname="new_topic_604128679b0047d5a6f4c0402507b6a4_954135cafcd647eaae5999ad91fc08cf_talktoagent">
    <iscustomizable>1</iscustomizable>
  </botcomponent_botcomponent>
  <botcomponent_botcomponent botcomponentidone.schemaname="new_topic_604128679b0047d5a6f4c0402507b6a4_db1f76b081dc43389df9dd2df7518737_confirmedsuccess" botcomponentidtwo.schemaname="new_customtype_604128679b0047d5a6f4c0402507b6a4_92610204747047ac8f788f7eecd91118">
    <iscustomizable>1</iscustomizable>
  </botcomponent_botcomponent>
  <botcomponent_botcomponent botcomponentidone.schemaname="new_topic_604128679b0047d5a6f4c0402507b6a4_db1f76b081dc43389df9dd2df7518737_confirmedsuccess" botcomponentidtwo.schemaname="new_topic_604128679b0047d5a6f4c0402507b6a4_f56d1a3e522740c78f9fac0939332dbd_goodbye">
    <iscustomizable>1</iscustomizable>
  </botcomponent_botcomponent>
  <botcomponent_botcomponent botcomponentidone.schemaname="new_topic_6f01223b40f64fa398c37cad27f89463" botcomponentidtwo.schemaname="new_topic_87c528c53ea84030a18733591bd8cfae">
    <iscustomizable>1</iscustomizable>
  </botcomponent_botcomponent>
  <botcomponent_botcomponent botcomponentidone.schemaname="new_topic_87c528c53ea84030a18733591bd8cfae" botcomponentidtwo.schemaname="new_topic_5cf297f5c7054c3cb76e62201ffcfe29">
    <iscustomizable>1</iscustomizable>
  </botcomponent_botcomponent>
  <botcomponent_botcomponent botcomponentidone.schemaname="new_topic_87c528c53ea84030a18733591bd8cfae" botcomponentidtwo.schemaname="new_topic_6f01223b40f64fa398c37cad27f89463">
    <iscustomizable>1</iscustomizable>
  </botcomponent_botcomponent>
</botcomponent_botcomponentset>